Player_ID,FG_PCT,FG3_PCT,FT_PCT, REB,AST,STL,BLK,TOV,PF,PTS
,#DIV/0!,#DIV/0!,#DIV/0!,0,0,0,0,0,0,0
2544,0.5098,0.34748,0.75432,0.2814285714,0.3654545455,0.1333333333,0.064,0.3309090909,0.2377777778,0.4015300546
101108,0.4327804878,0.386695122,0.4827317073,0.1289198606,0.3353658537,0.1570121951,0.02682926829,0.1430155211,0.3069105691,0.1445421831
200768,0.2639428571,0.2462,0.2571428571,0.06836734694,0.1246753247,0.1178571429,0.03142857143,0.05454545455,0.2952380952,0.06463700234
200782,0.225,0.25,0,0.07142857143,0,0.03125,0.025,0.02272727273,0.375,0.0368852459
201142,0.5350483871,0.4657903226,0.8068387097,0.215437788,0.1928152493,0.1008064516,0.1241935484,0.2785923754,0.2795698925,0.435483871
201143,0.4246760563,0.3654507042,0.2570422535,0.2188128773,0.0947503201,0.07570422535,0.09154929577,0.06786171575,0.2605633803,0.1445393674
201144,0.3723837209,0.3954302326,0.3945465116,0.0938538206,0.1950317125,0.1279069767,0.01976744186,0.09196617336,0.2558139535,0.1280975982
201145,0.4753529412,0.3362941176,0.2163823529,0.06197478992,0.02673796791,0.02205882353,0.01176470588,0.02406417112,0.1568627451,0.0843780135
201566,0.4424886364,0.2923181818,0.5274090909,0.1696428571,0.2536157025,0.1676136364,0.04318181818,0.2809917355,0.4337121212,0.2134873323
201567,0.276826087,0.248,0.2391304348,0.1459627329,0.04347826087,0.08152173913,0.01739130435,0.05533596838,0.152173913,0.08695652174
201569,0.3763076923,0.3389487179,0.3601794872,0.04212454212,0.07575757576,0.08333333333,0.03076923077,0.06526806527,0.1367521368,0.1118116856
201572,0.4938235294,0.3463647059,0.5255882353,0.1718487395,0.07860962567,0.075,0.18,0.09411764706,0.3568627451,0.2055930569
201587,0.3692705882,0.3696,0.1058823529,0.1029411765,0.05240641711,0.08529411765,0.05647058824,0.03957219251,0.2431372549,0.06788813886
201599,0.5668412698,0,0.1373015873,0.1660997732,0.03968253968,0.03174603175,0.04444444444,0.06060606061,0.2195767196,0.05594587562
201935,0.4102093023,0.3438604651,0.8493488372,0.2051495017,0.3969344609,0.1845930233,0.07209302326,0.3826638478,0.3449612403,0.3684712162
201939,0.4483974359,0.3937051282,0.8376794872,0.1611721612,0.2692307692,0.141025641,0.04615384615,0.2645687646,0.2307692308,0.3991172762
201942,0.479,0.3002727273,0.8335714286,0.1382189239,0.2018890201,0.1006493506,0.04155844156,0.1239669421,0.3246753247,0.3640621673
201949,0.3889166667,0,0.04166666667,0.02083333333,0.02272727273,0.02083333333,0.03333333333,0.03787878788,0.1111111111,0.02049180328
201950,0.4463285714,0.3184428571,0.3909571429,0.1520408163,0.175974026,0.1303571429,0.04,0.1207792208,0.3,0.1784543326
201959,0.4392432432,0.01351351351,0.1599189189,0.1158301158,0.0257985258,0.03040540541,0.04864864865,0.06142506143,0.2432432432,0.0474080638
201988,0.2982666667,0.2918,0.1833333333,0.02619047619,0.03939393939,0.05416666667,0.01,0.05454545455,0.1388888889,0.06229508197
202066,0.1598461538,0.1185769231,0.1826923077,0.03983516484,0.0541958042,0.08173076923,0.007692307692,0.03496503497,0.1474358974,0.03341740227
202331,0.4207317073,0.3453658537,0.5650487805,0.1907665505,0.1973392461,0.2286585366,0.0487804878,0.2350332594,0.4105691057,0.2658936425
202681,0.4766,0.37284,0.84696,0.1714285714,0.21,0.165,0.046,0.2018181818,0.3366666667,0.4045901639
202684,0.3279512195,0,0.08334146341,0.1297909408,0.02771618625,0.009146341463,0.03170731707,0.0354767184,0.1544715447,0.03038784486
202685,0.5539382716,0.07407407407,0.6820987654,0.2764550265,0.09203142536,0.05709876543,0.05679012346,0.1346801347,0.3724279835,0.1706132362
202687,0.5191785714,0,0.1375,0.2015306122,0.05032467532,0.07142857143,0.08214285714,0.08766233766,0.3095238095,0.08430913349
202691,0.4034722222,0.3675138889,0.3699166667,0.1220238095,0.09154040404,0.08680555556,0.04166666667,0.1111111111,0.1875,0.2288251366
202692,0.39024,0.36194,0.30124,0.09,0.05181818182,0.07,0.014,0.05272727273,0.1233333333,0.1186885246
202693,0.2897333333,0.2761333333,0.1666666667,0.05476190476,0.06363636364,0.01666666667,0.02,0.0303030303,0.1777777778,0.06120218579
202695,0.5029318182,0.3918181818,0.7248181818,0.2207792208,0.1539256198,0.1903409091,0.05,0.1797520661,0.2575757576,0.3617734724
202696,0.5356027397,0.3938767123,0.5272465753,0.3595890411,0.1594022416,0.1044520548,0.07123287671,0.1481942715,0.3721461187,0.302941837
202699,0.4746455696,0.3072911392,0.6243417722,0.2160940325,0.09493670886,0.1265822785,0.08101265823,0.1047180667,0.3248945148,0.2274330774
202704,0.3462580645,0.2632903226,0.1290322581,0.04838709677,0.06598240469,0.06451612903,0.009677419355,0.04985337243,0.1827956989,0.07191961925
202709,0.356490566,0.2917735849,0.1283018868,0.05592991914,0.07461406518,0.07311320755,0.01132075472,0.03430531732,0.1855345912,0.0615527374
202710,0.4919848485,0.2875151515,0.7859848485,0.1996753247,0.2444903581,0.1723484848,0.03181818182,0.1198347107,0.1792929293,0.2918529558
203076,0.5089411765,0.2326666667,0.7067254902,0.4131652661,0.1613190731,0.1446078431,0.2156862745,0.201426025,0.3202614379,0.4053359049
203078,0.4812075472,0.3652264151,0.5316037736,0.1192722372,0.167238422,0.1367924528,0.05283018868,0.1698113208,0.427672956,0.2789978348
203081,0.426147541,0.3581639344,0.8910655738,0.1639344262,0.3159463487,0.1475409836,0.01967213115,0.2459016393,0.2868852459,0.3945176028
203083,0.497225,0.05,0.472775,0.2767857143,0.03863636364,0.121875,0.045,0.125,0.3916666667,0.1200819672
203084,0.4831829268,0.4029268293,0.578195122,0.1350174216,0.07538802661,0.05945121951,0.01707317073,0.05543237251,0.1524390244,0.2021191523
203109,0.1851111111,0.1944444444,0.09255555556,0.07936507937,0.0303030303,0.04166666667,0,0.0404040404,0.1851851852,0.04189435337
203110,0.4050375,0.2734,0.470625,0.2142857143,0.24375,0.18125,0.10125,0.2386363636,0.5479166667,0.1479508197
203114,0.4407297297,0.3049189189,0.559027027,0.1322393822,0.1842751843,0.1182432432,0.02162162162,0.1375921376,0.3378378378,0.1949490474
203458,0.3308888889,0.03333333333,0.07962222222,0.07857142857,0.03838383838,0.025,0.04666666667,0.0404040404,0.2037037037,0.02695810565
203468,0.4255714286,0.3376785714,0.6295892857,0.1352040816,0.1842532468,0.1026785714,0.04285714286,0.1720779221,0.369047619,0.3463114754
203471,0.4057654321,0.3252469136,0.6361604938,0.09347442681,0.2390572391,0.112654321,0.01604938272,0.1672278339,0.3950617284,0.2135195305
203482,0.4956363636,0.3473181818,0.4901590909,0.1672077922,0.132231405,0.09375,0.04318181818,0.1570247934,0.4659090909,0.1430700447
203484,0.4057804878,0.3082195122,0.462402439,0.08013937282,0.08037694013,0.1615853659,0.04512195122,0.07095343681,0.2987804878,0.1395441823
203486,0.5442027027,0,0.3655540541,0.2195945946,0.08230958231,0.05574324324,0.06351351351,0.07248157248,0.3468468468,0.0737704918
203497,0.6462298851,0,0.5589885057,0.3752052545,0.07210031348,0.09195402299,0.1402298851,0.1065830721,0.4214559387,0.185415489
203500,0.49171875,0,0.264,0.2081473214,0.04971590909,0.048828125,0.05625,0.08380681818,0.1744791667,0.06787909836
203501,0.3867590361,0.3374337349,0.516,0.08605851979,0.07119386637,0.06024096386,0.00843373494,0.06243154436,0.2128514056,0.1809204029
203507,0.6066527778,0.1041666667,0.5916944444,0.4340277778,0.2941919192,0.109375,0.1152777778,0.2891414141,0.3865740741,0.5011384335
203552,0.3819705882,0.3416911765,0.2573529412,0.0593487395,0.04010695187,0.04963235294,0.01029411765,0.04278074866,0.1446078431,0.1070395371
203897,0.5005405405,0.4307027027,0.7265540541,0.152027027,0.1904176904,0.09797297297,0.01621621622,0.2555282555,0.2725225225,0.3819229065
203901,0.2521666667,0.04166666667,0.05208333333,0.1175595238,0.3143939394,0.125,0.04583333333,0.2234848485,0.25,0.05806010929
203903,0.3991351351,0.3331081081,0.6955945946,0.1138996139,0.1695331695,0.1047297297,0.02432432432,0.2113022113,0.2342342342,0.2658396101
203914,0.32125,0.2545,0.0545,0.04601648352,0.02884615385,0.06971153846,0.025,0.02972027972,0.1602564103,0.04791929382
203915,0.4093291139,0.3460379747,0.5740253165,0.09448462929,0.2008055236,0.1107594937,0.02151898734,0.1173762946,0.2552742616,0.1809504046
203924,0.3687446809,0.3620851064,0.6114680851,0.1238601824,0.09767891683,0.1090425532,0.09787234043,0.1257253385,0.3865248227,0.2361353331
203926,0.2961315789,0.3051052632,0.03071052632,0.01879699248,0.008373205742,0.01315789474,0.005263157895,0.01435406699,0.1228070175,0.06341673857
203932,0.514,0.4136615385,0.6804,0.193956044,0.1412587413,0.05961538462,0.02923076923,0.1384615385,0.2948717949,0.2459016393
203935,0.3866764706,0.3221470588,0.45,0.0756302521,0.1457219251,0.1433823529,0.02647058824,0.1443850267,0.2598039216,0.1470588235
203937,0.4511269841,0.2116349206,0.262968254,0.1173469388,0.1053391053,0.07936507937,0.05238095238,0.05483405483,0.2169312169,0.09289617486
203939,0.3866078431,0.02941176471,0.2369215686,0.08263305322,0.04901960784,0.04411764706,0.04117647059,0.0320855615,0.2450980392,0.03664416586
203944,0.4799404762,0.3108452381,0.7431904762,0.2444727891,0.2148268398,0.08779761905,0.02142857143,0.2651515152,0.4365079365,0.3149882904
203952,0.432109375,0.35746875,0.679875,0.1573660714,0.1186079545,0.119140625,0.0859375,0.15625,0.2786458333,0.2879098361
203954,0.4251578947,0.3317894737,0.8389473684,0.2913533835,0.2033492823,0.09210526316,0.09473684211,0.2966507177,0.3684210526,0.3899913719
203957,0.4623,0.3768,0.4125,0.05892857143,0.1272727273,0.075,0.015,0.1,0.2833333333,0.1426229508
203967,0.300125,0.115625,0.1875,0.1116071429,0.06534090909,0.0546875,0.00625,0.08522727273,0.1979166667,0.05737704918
203991,0.5656181818,0,0.3478909091,0.3045454545,0.05123966942,0.07727272727,0.09636363636,0.07768595041,0.3212121212,0.1454545455
203992,0.4205081967,0.3782622951,0.4161311475,0.1048009368,0.1199701937,0.09016393443,0.01803278689,0.1266766021,0.4153005464,0.1687718355
203994,0.4629803922,0.2519215686,0.5336666667,0.2787114846,0.1024955437,0.09803921569,0.06666666667,0.1729055258,0.4248366013,0.1456123433
203995,0.2934878049,0.2698536585,0.3203414634,0.0775261324,0.1419068736,0.04573170732,0,0.1707317073,0.1829268293,0.1075569772
203999,0.5689166667,0.4260119048,0.7624285714,0.4549319728,0.4480519481,0.2306547619,0.06785714286,0.3084415584,0.4126984127,0.4758001561
204001,0.439754717,0.3691698113,0.7211698113,0.2257412399,0.08147512864,0.09669811321,0.1358490566,0.1080617496,0.4465408805,0.2793071451
204060,0.0729375,0.0573125,0,0.02455357143,0.06534090909,0.015625,0,0.05113636364,0.125,0.01536885246
204456,0.4984672897,0.1565420561,0.2616915888,0.09112149533,0.1924384027,0.1203271028,0.02242990654,0.1316907392,0.1651090343,0.1463153057
1626143,0,0,0,0.03571428571,0.04545454545,0,0,0,0,0
1626145,0.4311234568,0.3871111111,0.2633703704,0.08641975309,0.2407407407,0.1064814815,0.00987654321,0.1021324355,0.1296296296,0.1677798017
1626153,0.2370204082,0.1784285714,0.1530612245,0.05102040816,0.07884972171,0.09948979592,0.02653061224,0.0426716141,0.08503401361,0.04483104717
1626156,0.3701724138,0.3030517241,0.582637931,0.09975369458,0.2327586207,0.1206896552,0.03965517241,0.1692789969,0.3304597701,0.2068965517
1626157,0.5150631579,0.3857894737,0.8189052632,0.4323308271,0.1181818182,0.1105263158,0.06526315789,0.2248803828,0.5842105263,0.3773943054
1626158,0.5988709677,0,0.5618387097,0.2039170507,0.06158357771,0.03629032258,0.07419354839,0.06158357771,0.2634408602,0.1216287678
1626162,0.4698333333,0.2606333333,0.5589833333,0.219047619,0.08181818182,0.1916666667,0.05,0.1212121212,0.5,0.2475409836
1626164,0.4532933333,0.2992666667,0.8851866667,0.1452380952,0.3206060606,0.1116666667,0.02133333333,0.2666666667,0.44,0.4203278689
1626166,0.3297586207,0.2627931034,0.233908046,0.04597701149,0.1112852665,0.0632183908,0.01954022989,0.06165099269,0.254789272,0.09986809874
1626167,0.4861881188,0.3663168317,0.6436039604,0.2068599717,0.06525652565,0.08168316832,0.1910891089,0.1476147615,0.4207920792,0.2366498945
1626168,0.4106956522,0.3194492754,0.3297101449,0.1635610766,0.05401844532,0.07427536232,0.03333333333,0.05138339921,0.2077294686,0.1071513424
1626171,0.462037037,0.3251851852,0.4657592593,0.2989417989,0.09343434343,0.08564814815,0.05185185185,0.1060606061,0.3148148148,0.2276867031
1626172,0.4775568182,0.02272727273,0.2814090909,0.2049512987,0.06301652893,0.07244318182,0.04659090909,0.0423553719,0.3428030303,0.06892697466
1626179,0.369015625,0.260796875,0.5046875,0.1328125,0.1186079545,0.072265625,0.021875,0.1107954545,0.1901041667,0.1739241803
1626181,0.4784179104,0.4112238806,0.7221044776,0.1103411514,0.09633649932,0.151119403,0.01641791045,0.1628222524,0.3208955224,0.3469537558
1626192,0.4407906977,0.2837209302,0.219,0.09219269103,0.07505285412,0.0261627907,0.02558139535,0.05285412262,0.1782945736,0.08463591308
1626196,0.2525,0.279125,0.25,0.05357142857,0.06818181818,0.125,0.0125,0.09090909091,0.3541666667,0.06557377049
1626204,0.4745833333,0.3424583333,0.1875,0.1532738095,0.07196969697,0.1041666667,0.05416666667,0.06060606061,0.2569444444,0.1386612022
1626220,0.40964,0.3939733333,0.1233333333,0.1661904762,0.09878787879,0.1116666667,0.04533333333,0.07878787879,0.3355555556,0.1486338798
1627732,0.4556071429,0,0.1354285714,0.1581632653,0.2345779221,0.08705357143,0.04821428571,0.1688311688,0.3511904762,0.07611241218
1627734,0.5920285714,0.3640285714,0.6748,0.4959183673,0.2746753247,0.08571428571,0.03714285714,0.2623376623,0.5452380952,0.3131147541
1627736,0.4238068182,0.4059090909,0.4149772727,0.09293831169,0.07541322314,0.1079545455,0.006818181818,0.09297520661,0.2556818182,0.2645305514
1627739,0.4425802469,0.3592222222,0.0905308642,0.1212522046,0.1228956229,0.2098765432,0.03827160494,0.08417508418,0.4423868313,0.1048370775
1627741,0.3903297872,0.34,0.3023085106,0.1162613982,0.0749516441,0.1103723404,0.02978723404,0.1005802708,0.2765957447,0.185211022
1627742,0.4539444444,0.3787777778,0.7293333333,0.1984126984,0.2348484848,0.1111111111,0.06111111111,0.3484848485,0.4166666667,0.364298725
1627746,0.25,0.25,0,0.02678571429,0.01136363636,0,0,0,0.04166666667,0.02049180328
1627747,0.44065625,0.34971875,0.5220625,0.11328125,0.1526988636,0.111328125,0.0515625,0.1079545455,0.2578125,0.1987704918
1627749,0.3911612903,0.2765483871,0.7620645161,0.2304147465,0.3343108504,0.2540322581,0.03870967742,0.3108504399,0.3279569892,0.2866208355
1627750,0.461962963,0.3591358025,0.8025308642,0.1450617284,0.2671156004,0.1666666667,0.05432098765,0.2042648709,0.3271604938,0.3523578223
1627751,0.6124561404,0.01754385965,0.4898070175,0.3427318296,0.1259968102,0.1447368421,0.1245614035,0.1770334928,0.514619883,0.2369859074
1627752,0.4232588235,0.4096705882,0.2294117647,0.1226890756,0.0871657754,0.1147058824,0.01882352941,0.09304812834,0.3294117647,0.1276759884
1627759,0.4626081081,0.3197027027,0.6973378378,0.2152509653,0.2020884521,0.1418918919,0.02972972973,0.2469287469,0.4256756757,0.3635356668
1627763,0.4089166667,0.24425,0.7572916667,0.1354166667,0.1856060606,0.06770833333,0.02083333333,0.1439393939,0.2083333333,0.2083333333
1627777,0.4610632911,0.4002911392,0.2668734177,0.122965642,0.06386651323,0.04430379747,0.01772151899,0.09436133487,0.4240506329,0.1626893546
1627780,0.5119726027,0.2093835616,0.1746575342,0.1022504892,0.06164383562,0.1061643836,0.02328767123,0.05603985056,0.2945205479,0.1012800359
1627783,0.5168224299,0.3804579439,0.6900280374,0.231975968,0.1478334749,0.1156542056,0.05514018692,0.1197960918,0.4034267913,0.3225065114
1627814,0.3525416667,0.2083333333,0.3645833333,0.02976190476,0.02083333333,0.03125,0,0.03787878788,0.04166666667,0.05669398907
1627824,0.4645,0.3050571429,0.4967571429,0.2015306122,0.0961038961,0.1035714286,0.03428571429,0.112987013,0.3904761905,0.1798594848
1627826,0.6262298851,0,0.5354137931,0.4437602627,0.1201671891,0.08620689655,0.1114942529,0.144200627,0.3582375479,0.2754852082
1627827,0.4344852941,0.3753088235,0.1631617647,0.1407563025,0.06885026738,0.1084558824,0.03676470588,0.08155080214,0.375,0.1398264224
1627832,0.369238806,0.3421641791,0.558641791,0.1332622601,0.2469470828,0.1884328358,0.04029850746,0.1356852103,0.3880597015,0.2385612919
1627884,0.5284642857,0.3245238095,0.4134880952,0.1173469388,0.03354978355,0.1235119048,0.05,0.07467532468,0.3095238095,0.162373146
1627936,0.4078311688,0.3446883117,0.3302727273,0.1025046382,0.1109799292,0.2142857143,0.05584415584,0.06611570248,0.3571428571,0.1264637002
1628365,0.3926,0.125,0.05,0.03392857143,0.06136363636,0.0625,0.01,0.06818181818,0.1,0.05
1628366,0.3891714286,0.3542285714,0.2123714286,0.1204081633,0.1493506494,0.1678571429,0.04857142857,0.1064935065,0.2619047619,0.125058548
1628368,0.4617741935,0.3191612903,0.7444516129,0.1716589862,0.2873900293,0.1834677419,0.04032258065,0.2551319648,0.4408602151,0.3857747224
1628369,0.4449625,0.3456,0.8333875,0.3191964286,0.2693181818,0.1453125,0.055,0.2670454545,0.3708333333,0.4420081967
1628370,0.4338615385,0.2946615385,0.6623846154,0.1346153846,0.2531468531,0.1173076923,0.05846153846,0.2223776224,0.4051282051,0.2817150063
1628371,0.4022368421,0.1956184211,0.3793947368,0.1522556391,0.02511961722,0.1036184211,0.1065789474,0.04186602871,0.2039473684,0.08584987058
1628374,0.4314255319,0.3462340426,0.7428723404,0.2112462006,0.06769825919,0.08776595745,0.03617021277,0.1276595745,0.280141844,0.3111266132
1628378,0.441475,0.35285,0.748825,0.1625,0.2210227273,0.175,0.025,0.1886363636,0.3291666667,0.4030737705
1628379,0.4194347826,0.3518695652,0.3176376812,0.1019668737,0.1469038208,0.09782608696,0.008695652174,0.1027667984,0.1497584541,0.1411261582
1628380,0.469671875,0.2484375,0.327078125,0.1607142857,0.07883522727,0.056640625,0.0453125,0.08522727273,0.34375,0.1042520492
1628381,0.537875,0.38055,0.89385,0.2919642857,0.09090909091,0.121875,0.1,0.2340909091,0.4833333333,0.3106557377
1628384,0.4607319588,0.3427938144,0.617443299,0.1642120766,0.08809746954,0.1907216495,0.09175257732,0.1265229616,0.3900343643,0.2805475748
1628386,0.6938241758,0,0.6054835165,0.3430141287,0.08491508492,0.1236263736,0.08901098901,0.1138861139,0.2600732601,0.2205008107
1628389,0.4752804878,0.3081219512,0.6772560976,0.3453832753,0.1962305987,0.1554878049,0.06585365854,0.1917960089,0.3475609756,0.2958816473
1628392,0.5983375,0,0.3951375,0.35,0.1534090909,0.103125,0.0925,0.1397727273,0.475,0.168647541
1628396,0.3885357143,0.03571428571,0.1785714286,0.08673469388,0.01461038961,0.008928571429,0.03928571429,0.03246753247,0.130952381,0.04683840749
1628398,0.4284,0.2500428571,0.4490428571,0.1943877551,0.1012987013,0.06428571429,0.02857142857,0.1935064935,0.3119047619,0.2325526932
1628401,0.4448275862,0.3814482759,0.6381149425,0.1629720854,0.2089864159,0.1135057471,0.1057471264,0.1504702194,0.30651341,0.2741661956
1628404,0.50379,0.31218,0.58074,0.3221428571,0.2440909091,0.175,0.037,0.1781818182,0.4483333333,0.2080327869
1628408,0.2857142857,0.2857142857,0.07142857143,0.02551020408,0.03246753247,0.01785714286,0,0.01298701299,0.07142857143,0.01639344262
1628415,0.4229390244,0.3832317073,0.482195122,0.1293554007,0.07594235033,0.09908536585,0.02195121951,0.09423503326,0.5467479675,0.2277089164
1628418,0.4263908046,0.3029770115,0.3869770115,0.1137110016,0.02978056426,0.04597701149,0.05402298851,0.03866248694,0.19348659,0.09120030149
1628420,0.3888444444,0.2637111111,0.2892666667,0.05317460317,0.07373737374,0.05555555556,0.006666666667,0.04242424242,0.08518518519,0.08488160291
1628427,0.177875,0.1145625,0,0.07589285714,0.02556818182,0.0234375,0.0125,0.07386363636,0.1041666667,0.02459016393
1628436,0.5661666667,0,0.3368095238,0.1832482993,0.06601731602,0.0625,0.1,0.03896103896,0.2757936508,0.09582357533
1628449,0.4601,0.3048,0.40218,0.16,0.03,0.06,0.05,0.05272727273,0.2266666667,0.1645901639
1628464,0.4135675676,0.1711621622,0.2986486486,0.1534749035,0.07248157248,0.05743243243,0.04864864865,0.06142506143,0.3018018018,0.07089056269
1628467,0.3125142857,0.2066571429,0.2142857143,0.09693877551,0.05584415584,0.03214285714,0.04857142857,0.06233766234,0.319047619,0.04918032787
1628470,0.3097741935,0.2923225806,0.1290322581,0.08986175115,0.0293255132,0.03629032258,0.03870967742,0.02639296188,0.1935483871,0.06028556319
1628960,0.453953125,0.427546875,0.468171875,0.1082589286,0.09730113636,0.10546875,0.0296875,0.1065340909,0.2473958333,0.1741803279
1628963,0.4122580645,0.06990322581,0.2661290323,0.1025345622,0.01612903226,0.04435483871,0.02903225806,0.04398826979,0.1129032258,0.08090957166
1628964,0.4621875,0.22240625,0.29428125,0.1618303571,0.02556818182,0.03515625,0.096875,0.05681818182,0.2916666667,0.07069672131
1628969,0.4759142857,0.3242190476,0.3998380952,0.1163265306,0.158008658,0.1273809524,0.0580952381,0.1497835498,0.2666666667,0.2719750195
1628970,0.427015625,0.31234375,0.773609375,0.2684151786,0.1761363636,0.0859375,0.0703125,0.1931818182,0.2421875,0.3329918033
1628971,0.3574390244,0.2330243902,0.5569268293,0.1428571429,0.09312638581,0.1036585366,0.0243902439,0.08647450111,0.2886178862,0.1359456218
1628973,0.4782386364,0.3562272727,0.7834772727,0.1038961039,0.3161157025,0.09801136364,0.01477272727,0.2303719008,0.3768939394,0.4236214605
1628975,0.3393611111,0.2251388889,0.1111111111,0.03869047619,0.05050505051,0.04513888889,0.008333333333,0.02777777778,0.06944444444,0.06967213115
1628976,0.4664383562,0.2303424658,0.5373424658,0.2671232877,0.08717310087,0.09246575342,0.05890410959,0.1058530511,0.4817351598,0.1502357961
1628978,0.4135974026,0.3785194805,0.3300909091,0.1270871985,0.1623376623,0.1525974026,0.02727272727,0.1499409681,0.3441558442,0.18160528
1628981,0.4911176471,0,0.1764705882,0.1071428571,0.04812834225,0.02941176471,0.05294117647,0.07486631016,0.2647058824,0.05593056895
1628983,0.5173,0.38025,0.87988,0.1792857143,0.2895454545,0.21125,0.097,0.2209090909,0.3816666667,0.5208196721
1628988,0.3647230769,0.3204615385,0.2507692308,0.04395604396,0.06013986014,0.03653846154,0.01692307692,0.05314685315,0.1717948718,0.08877679697
1628989,0.394,0.3052318841,0.2376811594,0.1061076605,0.1027667984,0.1195652174,0.03333333333,0.0882740448,0.2922705314,0.1617961511
1628991,0.4802692308,0.3679102564,0.7380384615,0.2000915751,0.08974358974,0.1538461538,0.1474358974,0.1911421911,0.5790598291,0.358343842
1628995,0.3528947368,0.1096315789,0.1973684211,0.04511278195,0.02153110048,0.01315789474,0.02631578947,0.02870813397,0.0701754386,0.05780845557
1628997,0.4124222222,0.2720666667,0.3940666667,0.1404761905,0.09595959596,0.1277777778,0.05111111111,0.1131313131,0.3222222222,0.1296903461
1628998,0.3899433962,0.2460566038,0.3396226415,0.1509433962,0.09005145798,0.1320754717,0.06037735849,0.08747855918,0.2987421384,0.1107330653
1629001,0.3805,0.3401666667,0.1945,0.119047619,0.1287878788,0.1458333333,0.03333333333,0.1515151515,0.5,0.1693989071
1629003,0.3288035714,0.2074464286,0.2781071429,0.06632653061,0.08279220779,0.05580357143,0.007142857143,0.06493506494,0.2023809524,0.09221311475
1629004,0.3641052632,0.3288947368,0.3245789474,0.08458646617,0.09090909091,0.0625,0.01842105263,0.1244019139,0.1885964912,0.1440897325
1629006,0.41555,0.2646,0.358975,0.1008928571,0.0375,0.15,0.045,0.07045454545,0.1958333333,0.1159836066
1629008,0.4815274725,0.3775824176,0.6130989011,0.2421507064,0.08691308691,0.08104395604,0.04835164835,0.1168831169,0.3351648352,0.2749054224
1629011,0.62405,0,0.2203,0.2205357143,0.02272727273,0.109375,0.0875,0.05454545455,0.2708333333,0.07909836066
1629012,0.4795714286,0.3696666667,0.7581428571,0.09693877551,0.1904761905,0.09325396825,0.009523809524,0.2308802309,0.380952381,0.3015873016
1629013,0.412421875,0.3074375,0.08984375,0.03571428571,0.02769886364,0.046875,0.003125,0.03835227273,0.15625,0.08222336066
1629014,0.4136,0.3381,0.6805428571,0.09642857143,0.2188311688,0.1071428571,0.007142857143,0.1857142857,0.2785714286,0.3156908665
1629018,0.4258860759,0.3962025316,0.4107468354,0.08092224231,0.05350978136,0.1344936709,0.005063291139,0.05178365938,0.2805907173,0.1904959535
1629020,0.4075365854,0.1260243902,0.2317073171,0.175087108,0.05099778271,0.1158536585,0.02682926829,0.07095343681,0.3089430894,0.06157536985
1629021,0.5369,0.3384333333,0.5999666667,0.1761904762,0.06363636364,0.1,0.04,0.1484848485,0.3055555556,0.2109289617
1629022,0.3708,0.32085,0.3279,0.1125,0.1136363636,0.0625,0.025,0.1136363636,0.225,0.2024590164
1629023,0.4450175439,0.3571403509,0.4874385965,0.2769423559,0.1044657097,0.1381578947,0.1052631579,0.1881977671,0.3830409357,0.2404371585
1629026,0.4378470588,0.3027411765,0.1823529412,0.1159663866,0.05561497326,0.07352941176,0.01294117647,0.04919786096,0.2274509804,0.09161041466
1629027,0.4065131579,0.3251973684,0.8408815789,0.1109022556,0.5263157895,0.1496710526,0.01578947368,0.4246411483,0.3179824561,0.3971095772
1629028,0.56805,0.095825,0.2969,0.3625,0.07272727273,0.096875,0.0975,0.1568181818,0.3666666667,0.2360655738
1629029,0.4484545455,0.3526181818,0.7880909091,0.2883116883,0.3404958678,0.2136363636,0.04363636364,0.3289256198,0.4303030303,0.4646795827
1629048,0.548260274,0.03424657534,0.356739726,0.2279843444,0.08592777086,0.08390410959,0.1356164384,0.0896637609,0.3561643836,0.1131821244
1629052,0.3845,0.2526666667,0.261,0.130952381,0.0303030303,0.08333333333,0.05,0.1212121212,0.3888888889,0.1420765027
1629057,0.5342,0.05,0.3,0.2107142857,0.04772727273,0.08125,0.165,0.07727272727,0.2583333333,0.09508196721
1629060,0.51053125,0.390859375,0.507296875,0.1774553571,0.0625,0.09375,0.0453125,0.07954545455,0.3046875,0.2174692623
1629098,0.3214285714,0.2857142857,0,0.02551020408,0.006493506494,0,0.02857142857,0.02597402597,0.04761904762,0.03278688525
1629111,0.4345,0.2222142857,0.2837380952,0.1164965986,0.04004329004,0.03869047619,0.02380952381,0.04545454545,0.1944444444,0.07884465262
1629130,0.4193333333,0.3868974359,0.2863333333,0.0782967033,0.1031468531,0.0641025641,0.007692307692,0.1072261072,0.3012820513,0.1752837327
1629162,0.3008095238,0.244047619,0.1904761905,0.02551020408,0.05519480519,0.04761904762,0.002380952381,0.03463203463,0.07142857143,0.03825136612
1629216,0.3749350649,0.3013896104,0.1038961039,0.04499072356,0.06080283353,0.08441558442,0.01948051948,0.04958677686,0.3463203463,0.100915478
1629234,0.482875,0.046875,0.296875,0.1266741071,0.03835227273,0.0234375,0.0609375,0.05823863636,0.1692708333,0.07274590164
1629312,0.4001794872,0.3222564103,0.1506538462,0.1213369963,0.0675990676,0.1137820513,0.05,0.0675990676,0.3739316239,0.106557377
1629599,0.4380694444,0.3573472222,0.5607638889,0.07986111111,0.04861111111,0.06944444444,0.009722222222,0.05681818182,0.2777777778,0.1584699454
1629610,0.3594680851,0.2922553191,0.2287234043,0.1025835866,0.05125725338,0.06914893617,0.05319148936,0.06769825919,0.3510638298,0.1098709452
1629611,0.4703880597,0.3395522388,0.276119403,0.1060767591,0.08208955224,0.08768656716,0.0223880597,0.06377204885,0.3184079602,0.1264986543
1629614,0.4650319149,0.3189680851,0.5024787234,0.1124620061,0.2127659574,0.1569148936,0.0170212766,0.1499032882,0.3776595745,0.1675967911
1629618,0.3773090909,0.2649454545,0.07272727273,0.05064935065,0.09256198347,0.04318181818,0.01090909091,0.04958677686,0.1242424242,0.06348733234
1629622,0.4251525424,0.3596949153,0.2457627119,0.1622276029,0.1486902928,0.06779661017,0.02372881356,0.09399075501,0.3587570621,0.1600444568
1629626,0.4951388889,0.2228611111,0.2175833333,0.1031746032,0.02777777778,0.03125,0.06944444444,0.05050505051,0.09259259259,0.1111111111
1629627,0.5585,0.06666666667,0.6147333333,0.2571428571,0.2409090909,0.1541666667,0.09,0.2727272727,0.4555555556,0.4027322404
1629628,0.4713793103,0.3618448276,0.5433448276,0.2253694581,0.2460815047,0.09913793103,0.02931034483,0.2586206897,0.3936781609,0.3456755229
1629629,0.3537575758,0.2196969697,0.2,0.07142857143,0.0303030303,0.125,0.0303030303,0.03305785124,0.2171717172,0.0521609538
1629630,0.4579433962,0.2967169811,0.7892264151,0.1421832884,0.3250428816,0.1485849057,0.02641509434,0.3276157804,0.3647798742,0.3755026291
1629631,0.4601666667,0.3991805556,0.7162083333,0.1423611111,0.06313131313,0.09375,0.01944444444,0.1123737374,0.3981481481,0.2677595628
1629632,0.4463648649,0.3639594595,0.8126621622,0.1317567568,0.2027027027,0.1165540541,0.02162162162,0.2174447174,0.3468468468,0.3342933097
1629634,0.58934375,0.00390625,0.33775,0.1819196429,0.046875,0.1015625,0.05625,0.05823863636,0.3776041667,0.1367827869
1629636,0.47255,0.39185,0.7414,0.1004464286,0.3022727273,0.1453125,0.01375,0.2318181818,0.3333333333,0.3348360656
1629637,0.6803166667,0,0.4002166667,0.1648809524,0.0446969697,0.06458333333,0.08666666667,0.06666666667,0.4,0.106557377
1629638,0.4269484536,0.3781237113,0.445371134,0.1075110457,0.1208997188,0.07216494845,0.04020618557,0.114339269,0.2800687285,0.1517660977
1629639,0.4718518519,0.3715555556,0.8007901235,0.1820987654,0.2441077441,0.1095679012,0.02098765432,0.2323232323,0.1995884774,0.386763813
1629640,0.4701818182,0.2924935065,0.5763246753,0.1720779221,0.07378984652,0.07954545455,0.02857142857,0.09090909091,0.2489177489,0.2084309133
1629643,0.4251666667,0.2971666667,0.05558333333,0.1398809524,0.06060606061,0.0625,0.03333333333,0.02272727273,0.06944444444,0.07650273224
1629645,0.432325,0.24825,0.4566625,0.1321428571,0.1607954545,0.1328125,0.01625,0.1647727273,0.2729166667,0.1694672131
1629646,0.4868,0,0.2353428571,0.1551020408,0.02207792208,0.05,0.08571428571,0.05974025974,0.2380952381,0.07353629977
1629650,0.4126923077,0,0.2513076923,0.1208791209,0.006993006993,0.05769230769,0.03076923077,0.07692307692,0.2179487179,0.09583858764
1629651,0.5669571429,0.05714285714,0.3214428571,0.262755102,0.1019480519,0.1107142857,0.1428571429,0.112987013,0.3571428571,0.1695550351
1629652,0.4092947368,0.3712,0.2166736842,0.1443609023,0.06459330144,0.1421052632,0.05157894737,0.06794258373,0.5,0.1559965487
1629655,0.6922280702,0,0.6110350877,0.2431077694,0.06379585327,0.05043859649,0.1789473684,0.1052631579,0.4444444444,0.2016105838
1629656,0.42704,0.3349466667,0.5277066667,0.1542857143,0.1381818182,0.1233333333,0.02933333333,0.1709090909,0.3066666667,0.2386885246
1629659,0.3303508772,0.2127192982,0.3494912281,0.0626566416,0.06618819777,0.04605263158,0.01929824561,0.06379585327,0.1725146199,0.1090020132
1629660,0.5040126582,0.3830632911,0.6134936709,0.08815551537,0.1547756041,0.1313291139,0.005063291139,0.1185270426,0.2489451477,0.2039842291
1629661,0.4775087719,0.4018070175,0.7731052632,0.1547619048,0.1547049442,0.1162280702,0.04385964912,0.1578947368,0.3040935673,0.3077365545
1629667,0,0,0,0,0.01515151515,0.04166666667,0,0,0,0
1629669,0.319125,0.317,0.5,0.08928571429,0.1022727273,0.015625,0.05,0.09090909091,0.1875,0.137295082
1629673,0.4198235294,0.3669558824,0.76625,0.1066176471,0.202540107,0.1580882353,0.03970588235,0.2727272727,0.4926470588,0.3353423337
1629674,0.5709047619,0,0.3068888889,0.1349206349,0.03391053391,0.0376984127,0.06666666667,0.05772005772,0.2857142857,0.08326827999
1629675,0.4666421053,0.3652631579,0.5015789474,0.2071428571,0.0985645933,0.09078947368,0.09052631579,0.1301435407,0.4070175439,0.2232959448
1629680,0.4226,0.4155333333,0.1357333333,0.1238095238,0.08484848485,0.275,0.06,0.07878787879,0.1555555556,0.1224043716
1629684,0.4399375,0.3628125,0.578125,0.1830357143,0.1051136364,0.140625,0.08125,0.1590909091,0.4791666667,0.1700819672
1629723,0.3856666667,0.2847291667,0.1354166667,0.1220238095,0.04545454545,0.08333333333,0.03333333333,0.03409090909,0.1388888889,0.04200819672
1629726,0.3570434783,0.3526086957,0.4568913043,0.06754658385,0.05928853755,0.07065217391,0.03260869565,0.06126482213,0.2934782609,0.1258018532
1629731,0.4036323529,0.3338676471,0.1299117647,0.1507352941,0.05481283422,0.08272058824,0.03088235294,0.03342245989,0.2720588235,0.08076181292
1629750,0.3863783784,0.2738648649,0.3341081081,0.1095559846,0.03562653563,0.1165540541,0.04189189189,0.04176904177,0.2252252252,0.08019494905
1630162,0.4479574468,0.3818297872,0.7633085106,0.2154255319,0.2132495164,0.1436170213,0.06595744681,0.2785299807,0.3226950355,0.445936519
1630163,0.3998297872,0.3418297872,0.7657234043,0.1762917933,0.334622824,0.1436170213,0.02765957447,0.3230174081,0.5567375887,0.4129752354
1630164,0.5,0,1,0.03571428571,0,0,0,0,0,0.09836065574
1630165,0.3803333333,0.25,0.6666666667,0.1071428571,0.2348484848,0.08333333333,0.06666666667,0.1363636364,0.3611111111,0.1475409836
1630166,0.4623611111,0.3383194444,0.7391388889,0.2589285714,0.1773989899,0.1232638889,0.04861111111,0.2474747475,0.3958333333,0.2775500911
1630167,0.4950925926,0.2886666667,0.3960648148,0.1369047619,0.06691919192,0.07175925926,0.03333333333,0.07828282828,0.2391975309,0.1610503947
1630168,0.5587837838,0.2351891892,0.5381081081,0.3185328185,0.1031941032,0.1165540541,0.09189189189,0.1105651106,0.4346846847,0.2188746123
1630169,0.4378921569,0.3464509804,0.6390098039,0.137605042,0.3961675579,0.1691176471,0.0637254902,0.1559714795,0.2173202614,0.2859209257
1630170,0.434484375,0.35559375,0.524515625,0.1422991071,0.1299715909,0.1640625,0.0515625,0.125,0.28125,0.2666495902
1630171,0.468390625,0.341,0.241796875,0.07868303571,0.05184659091,0.07421875,0.0265625,0.03835227273,0.3046875,0.09682377049
1630172,0.3923968254,0.3286825397,0.3939206349,0.1343537415,0.08946608947,0.09523809524,0.05079365079,0.1240981241,0.2328042328,0.1472807702
1630173,0.4618,0.09613846154,0.2971846154,0.1791208791,0.03846153846,0.09230769231,0.06461538462,0.06433566434,0.2128205128,0.09911727617
1630174,0.4721891892,0.4450540541,0.4714054054,0.1525096525,0.04975429975,0.09459459459,0.0472972973,0.07493857494,0.481981982,0.1878599911
1630175,0.3868472222,0.3029305556,0.4380972222,0.1046626984,0.1243686869,0.078125,0.04583333333,0.1414141414,0.3773148148,0.1459471767
1630178,0.42725,0.3259230769,0.8695576923,0.1195054945,0.2770979021,0.21875,0.04038461538,0.2167832168,0.3717948718,0.4315889029
1630182,0.4020294118,0.3382941176,0.3209117647,0.09033613445,0.07219251337,0.1360294118,0.02205882353,0.0935828877,0.4044117647,0.1219864995
1630183,0.4764123711,0.3422371134,0.4443195876,0.2039764359,0.08716026242,0.1662371134,0.08969072165,0.1059044049,0.4725085911,0.206185567
1630188,0.456328125,0.29634375,0.39490625,0.19921875,0.04616477273,0.033203125,0.06875,0.05255681818,0.2473958333,0.1342213115
1630191,0.5312739726,0.1483972603,0.3465753425,0.1976516634,0.07721046077,0.04794520548,0.1410958904,0.08468244085,0.4292237443,0.09813608803
1630192,0.3994642857,0.1681428571,0.22025,0.0612244898,0.02029220779,0.05803571429,0.07142857143,0.02597402597,0.2023809524,0.05532786885
1630193,0.4345151515,0.376969697,0.7693636364,0.1266233766,0.2630853994,0.08712121212,0.01212121212,0.1597796143,0.3080808081,0.2801788376
1630194,0.43358,0.14666,0.285,0.09857142857,0.04090909091,0.11,0.056,0.05636363636,0.2766666667,0.06491803279
1630198,0.4245578947,0.3869263158,0.2561473684,0.08458646617,0.06363636364,0.07236842105,0.01157894737,0.04306220096,0.2210526316,0.148921484
1630200,0.5104782609,0.2572391304,0.4193913043,0.0900621118,0.1897233202,0.1005434783,0.02173913043,0.06916996047,0.1992753623,0.1176051319
1630201,0.40725,0.25,0.41675,0.0625,0.07954545455,0.09375,0,0.09090909091,0.1666666667,0.06557377049
1630202,0.4492197802,0.3805604396,0.3383736264,0.1302982732,0.1478521479,0.1043956044,0.01538461538,0.09190809191,0.2509157509,0.2296883444
1630205,0.2597894737,0.1008947368,0.2368421053,0.07894736842,0.02153110048,0.03289473684,0.01578947368,0.05263157895,0.1403508772,0.06729939603
1630208,0.5390701754,0,0.5385087719,0.2919799499,0.03907496013,0.03070175439,0.09649122807,0.1291866029,0.4122807018,0.1521426517
1630214,0.1717272727,0.06060606061,0.04545454545,0.04978354978,0.009641873278,0.04166666667,0.01515151515,0.03856749311,0.09090909091,0.01788375559
1630215,0.4342666667,0.258,0.4941666667,0.06547619048,0.1666666667,0.0875,0.02166666667,0.1212121212,0.2694444444,0.1478142077
1630217,0.4657671233,0.371109589,0.7150547945,0.2177103718,0.2378580324,0.1421232877,0.04109589041,0.2291407223,0.3949771689,0.3116999775
1630222,0.2905,0.0333,0.25,0.03214285714,0.05,0,0.01,0.009090909091,0.05,0.03770491803
1630224,0.4055505618,0.3229325843,0.6713258427,0.1665329053,0.1542390194,0.1053370787,0.03258426966,0.2175689479,0.2490636704,0.3344999079
1630227,0,0,0.1666666667,0.04761904762,0.04545454545,0,0,0.1212121212,0.05555555556,0.005464480874
1630228,0.4434181818,0.2659636364,0.5600545455,0.1538961039,0.09421487603,0.09545454545,0.04545454545,0.1388429752,0.3121212121,0.2506706408
1630230,0.4892318841,0.2326811594,0.5606811594,0.1697722567,0.1370223979,0.1268115942,0.01594202899,0.1475625823,0.2632850242,0.2171537182
1630231,0.5062325581,0.1635581395,0.4565813953,0.103820598,0.05073995772,0.04941860465,0.0511627907,0.05073995772,0.3914728682,0.1044605414
1630241,0.3804936709,0.3461139241,0.1708860759,0.08001808318,0.07019562716,0.09018987342,0.02025316456,0.04257767549,0.2995780591,0.1151691222
1630243,0.2749354839,0.2186451613,0.25,0.06221198157,0.05571847507,0.125,0.03225806452,0.06451612903,0.2043010753,0.08038075093
1630245,0.4964782609,0.326826087,0.443826087,0.125,0.2055335968,0.1168478261,0.03913043478,0.1363636364,0.3804347826,0.2017106201
1630249,0.4589122807,0.3783333333,0.2953333333,0.0977443609,0.1172248804,0.07894736842,0.04561403509,0.07974481659,0.3070175439,0.1184929537
1630256,0.3529607843,0.1405294118,0.2591568627,0.081232493,0.04188948307,0.0637254902,0.0137254902,0.03921568627,0.2679738562,0.06043072967
1630264,0.3612790698,0.1682093023,0.2350465116,0.05398671096,0.01691331924,0.0261627907,0.004651162791,0.02114164905,0.1162790698,0.04841784217
1630283,0.4393636364,0,0.2727272727,0.1266233766,0.02066115702,0.01136363636,0.02727272727,0.03305785124,0.2272727273,0.05067064083
1630288,0.399525,0.244275,0.2719,0.05357142857,0.08863636364,0.075,0.03,0.03409090909,0.1208333333,0.1168032787
1630296,0.125,0,0.125,0.04910714286,0.005681818182,0.0625,0.025,0.04545454545,0.08333333333,0.01024590164
1630311,0.3204883721,0.06588372093,0.1744186047,0.04651162791,0.05708245243,0.04941860465,0.006976744186,0.05073995772,0.1124031008,0.05108654213
1630314,0.42296875,0.28334375,0.51875,0.06473214286,0.1079545455,0.09375,0.015625,0.1107954545,0.171875,0.1408811475
1630322,0.3420384615,0.3321923077,0.08013461538,0.07554945055,0.04545454545,0.06490384615,0.02115384615,0.03496503497,0.1987179487,0.08070617907
1630346,0.1901764706,0.1411764706,0.05882352941,0.01680672269,0.008021390374,0.01470588235,0,0.01604278075,0.009803921569,0.02700096432
1630526,0.4384242424,0.2981363636,0.2790454545,0.1704545455,0.06060606061,0.07386363636,0.01060606061,0.07024793388,0.1994949495,0.1038251366
1630527,0.4122619048,0.323952381,0.5182619048,0.1139455782,0.09956709957,0.1577380952,0.02142857143,0.1125541126,0.2896825397,0.174863388
1630528,0.2443636364,0.1090909091,0.1818181818,0.02597402597,0.03305785124,0.05681818182,0.02727272727,0.04958677686,0.0303030303,0.04172876304
1630529,0.4337,0.26085,0.49285,0.1392857143,0.1477272727,0.23125,0.045,0.1590909091,0.55,0.1680327869
1630530,0.4468113208,0.3510754717,0.8376981132,0.1805929919,0.1612349914,0.1320754717,0.07358490566,0.1766723842,0.3522012579,0.3476647077
1630531,0.2647317073,0.1343658537,0.2804878049,0.05052264808,0.03658536585,0.07317073171,0.009756097561,0.0354767184,0.1707317073,0.04358256697
1630532,0.4622615385,0.2583384615,0.8104615385,0.2010989011,0.2181818182,0.1557692308,0.03538461538,0.206993007,0.4179487179,0.3979823455
1630533,0.3895873016,0.3119206349,0.5748571429,0.1626984127,0.06060606061,0.123015873,0.04444444444,0.09668109668,0.3941798942,0.164454853
1630534,0.511625,0.37546875,0.21615625,0.1350446429,0.06960227273,0.11328125,0.046875,0.07670454545,0.3255208333,0.1708504098
1630537,0.4378,0.3333333333,0.1111333333,0.04761904762,0.02424242424,0,0,0.006060606061,0.07777777778,0.0393442623
1630538,0.367375,0.3110833333,0.4132083333,0.03720238095,0.06060606061,0.09375,0.01666666667,0.0946969697,0.2013888889,0.1017759563
1630539,0.5720769231,0.01282051282,0.2487179487,0.1144688645,0.02913752914,0.04807692308,0.05897435897,0.04195804196,0.2136752137,0.08322824716
1630540,0.3883448276,0.3549885057,0.2967471264,0.07676518883,0.1081504702,0.1077586207,0.02183908046,0.05538140021,0.2586206897,0.1368004522
1630541,0.4050232558,0.3468837209,0.4591162791,0.08928571429,0.05813953488,0.09447674419,0.03953488372,0.06131078224,0.253875969,0.1542127335
1630542,0.3675,0.0667,0.4,0.25,0.04545454545,0.1125,0.12,0.06363636364,0.2666666667,0.1098360656
1630543,0.7366,0,0.3,0.2,0.04545454545,0.075,0.16,0.09090909091,0.4666666667,0.1147540984
1630544,0.4191538462,0.3463846154,0.6153846154,0.1043956044,0.1363636364,0.06730769231,0.03076923077,0.1748251748,0.3076923077,0.2307692308
1630545,0.4074736842,0.1626842105,0.2236842105,0.05357142857,0.04186602871,0.03618421053,0.01315789474,0.04306220096,0.1578947368,0.07722174288
1630548,0.4040625,0.337046875,0.28125,0.1026785714,0.04829545455,0.076171875,0.0125,0.05113636364,0.328125,0.1462602459
1630549,0.5047,0.145,0.40406,0.2357142857,0.08272727273,0.1025,0.084,0.1145454545,0.3766666667,0.1301639344
1630550,0.39285,0.2,0.2875,0.08571428571,0.01363636364,0.05,0.045,0.04090909091,0.1416666667,0.05819672131
1630551,0.4174193548,0.3047096774,0.3241935484,0.2021889401,0.04398826979,0.1310483871,0.06290322581,0.07917888563,0.2956989247,0.1438392385
1630552,0.4982222222,0.2916944444,0.6223055556,0.3561507937,0.2285353535,0.1944444444,0.1,0.2676767677,0.3101851852,0.3096539162
1630553,0.372164557,0.295164557,0.444278481,0.1342676311,0.1006904488,0.1297468354,0.03797468354,0.1334867664,0.44092827,0.1741025109
1630556,0.3904117647,0.225,0.1617647059,0.1207983193,0.05614973262,0.06985294118,0.05882352941,0.04278074866,0.3039215686,0.08100289296
1630557,0.4369180328,0.3271639344,0.4250655738,0.105971897,0.07675111773,0.05327868852,0.02295081967,0.09538002981,0.2677595628,0.1894651975
1630558,0.4503974359,0.4064358974,0.335474359,0.08058608059,0.2261072261,0.1201923077,0.02179487179,0.1585081585,0.4188034188,0.1361916772
1630559,0.4572179487,0.3693076923,0.7597820513,0.163003663,0.2558275058,0.1314102564,0.03205128205,0.2226107226,0.3611111111,0.3270281631
1630560,0.43592,0.33824,0.89732,0.1185714286,0.1709090909,0.075,0.008,0.2254545455,0.2933333333,0.3927868852
1630561,0.375,0.25,0.08333333333,0.02976190476,0.0303030303,0.02083333333,0,0.0303030303,0.02777777778,0.04371584699
1630567,0.4447230769,0.2710923077,0.6934923077,0.2758241758,0.2643356643,0.1788461538,0.09692307692,0.2587412587,0.2897435897,0.3157629256
1630568,0.4484883721,0.1705348837,0.2299767442,0.04734219269,0.01162790698,0.01744186047,0.006976744186,0.02536997886,0.1162790698,0.05756767061
1630570,0.4460454545,0.2674090909,0.5293181818,0.1298701299,0.1188016529,0.07670454545,0.02727272727,0.1714876033,0.3598484848,0.1676602086
1630572,0.4483770492,0.3179344262,0.2773278689,0.1094847775,0.03576751118,0.04508196721,0.02786885246,0.03874813711,0.1639344262,0.10346681
1630573,0.4252911392,0.3937088608,0.08860759494,0.1066907776,0.03912543153,0.0664556962,0.01772151899,0.02991944764,0.2067510549,0.1313550529
1630574,0.3714285714,0,0.1071428571,0.06760204082,0.01785714286,0.004464285714,0.05357142857,0.06818181818,0.1904761905,0.03044496487
1630577,0.3989390244,0.3483780488,0.3977682927,0.1385017422,0.06152993348,0.09298780488,0.04268292683,0.08203991131,0.2317073171,0.1629348261
1630578,0.4871686747,0.1827228916,0.6512409639,0.3739242685,0.2239868565,0.1460843373,0.07710843373,0.2289156627,0.4718875502,0.315425637
1630579,0.4247037037,0,0.09259259259,0.1428571429,0.02861952862,0.02314814815,0.03703703704,0.06397306397,0.2160493827,0.03400121433
1630581,0.4628142857,0.3868428571,0.5729714286,0.2887755102,0.3266233766,0.15,0.06428571429,0.2623376623,0.2904761905,0.2393442623
1630583,0.4701884058,0.3571449275,0.3251304348,0.2277432712,0.128458498,0.09420289855,0.04347826087,0.1001317523,0.2004830918,0.2050368258
1630585,0.4,0.33325,0.375,0.05357142857,0.1477272727,0.09375,0.05,0.1363636364,0.4166666667,0.1147540984
1630590,0.4610843373,0.3131084337,0.5115903614,0.1209122203,0.1976998905,0.1611445783,0.03734939759,0.1664841183,0.4457831325,0.1682796761
1630591,0.4074285714,0.3052285714,0.644,0.143877551,0.1675324675,0.1821428571,0.09428571429,0.2649350649,0.4666666667,0.2655737705
1630592,0.4077594937,0.3281772152,0.5180506329,0.1220614828,0.083429229,0.06329113924,0.006329113924,0.09090909091,0.3459915612,0.155426437
1630595,0.4697236842,0.3375921053,0.77875,0.2232142857,0.4126794258,0.1348684211,0.08026315789,0.4078947368,0.4714912281,0.427092321
1630596,0.5524050633,0.3357468354,0.7142278481,0.3273056058,0.1375143843,0.1107594937,0.153164557,0.1795166858,0.3185654008,0.3015148371
1630598,0.4409693878,0.3341734694,0.3091020408,0.125728863,0.07142857143,0.08928571429,0.02448979592,0.07977736549,0.2108843537,0.174974908
1630604,0.2349090909,0.1060909091,0.09090909091,0.02922077922,0.01239669421,0.01136363636,0.009090909091,0.01652892562,0.1666666667,0.03129657228
1630611,0.3521746032,0.2362380952,0.2407460317,0.1037414966,0.06349206349,0.05555555556,0.01746031746,0.06926406926,0.2645502646,0.06583398387
1630618,0.125,0,0.25,0.03571428571,0.03409090909,0.0625,0,0.09090909091,0.04166666667,0.01229508197
1630623,0.3197142857,0.288,0.5,0.04591836735,0.07792207792,0.05357142857,0.01428571429,0.1038961039,0.4047619048,0.1288056206
1630625,0.345,0.2379701493,0.3971343284,0.07196162047,0.1085481682,0.0802238806,0.05074626866,0.1166892809,0.144278607,0.1367751407
1630631,0.3809821429,0.333875,0.4166607143,0.08673469388,0.2102272727,0.1651785714,0.025,0.1396103896,0.2708333333,0.1694964871
1630639,0.4128461538,0.3037692308,0.3706538462,0.1181318681,0.0541958042,0.0625,0.02307692308,0.05244755245,0.2820512821,0.1488020177
1630643,0.4305245902,0.3074262295,0.2882459016,0.07669789227,0.02906110283,0.03278688525,0.09508196721,0.05067064083,0.2158469945,0.1201289976
1630644,0,0,0,0.01785714286,0.06818181818,0,0,0,0.1666666667,0
1630649,0.2129444444,0.1666666667,0.05555555556,0.03373015873,0.0101010101,0.02083333333,0.02777777778,0.01515151515,0.06481481481,0.01366120219
1630658,0.34044,0.05332,0.40868,0.1742857143,0.05090909091,0.04,0.04,0.08363636364,0.34,0.0806557377
1630678,0,0,0,0.0119047619,0.0303030303,0,0,0,0,0
1630692,0.3084242424,0.2293030303,0.1363636364,0.1266233766,0.06060606061,0.1174242424,0.03636363636,0.07438016529,0.2525252525,0.08147044213
1630695,0.4011052632,0.2793947368,0.2302631579,0.1541353383,0.03708133971,0.04605263158,0.03684210526,0.07416267943,0.2192982456,0.06988783434
1630696,0.4376428571,0.3868571429,0.1726428571,0.09183673469,0.07467532468,0.1875,0.04285714286,0.1103896104,0.3571428571,0.1018735363
1630699,0.35525,0.25,0.21875,0.04910714286,0.015625,0.015625,0.003125,0.04261363636,0.07291666667,0.04047131148
1630700,0.4974210526,0.3453026316,0.3504342105,0.2109962406,0.1991626794,0.3766447368,0.07236842105,0.1854066986,0.3837719298,0.2314495255
1630702,0.3784285714,0.3047142857,0.3820892857,0.05676020408,0.06574675325,0.0625,0.008928571429,0.1331168831,0.2678571429,0.1451990632
1630703,0.4058030303,0.3405,0.5751969697,0.1071428571,0.2307162534,0.1287878788,0.0196969697,0.2438016529,0.4570707071,0.2078986587
1630762,0.0944,0,0.2,0.05714285714,0.01818181818,0.025,0.04,0.01818181818,0.03333333333,0.0262295082
1630811,0.3844,0.2471,0.1666666667,0.05952380952,0.1227272727,0.1166666667,0.03,0.1,0.2166666667,0.09180327869
1631093,0.4641333333,0.3999666667,0.6917,0.1476190476,0.1803030303,0.1166666667,0.03666666667,0.2696969697,0.3722222222,0.2885245902
1631094,0.4459215686,0.3188823529,0.7018627451,0.2710084034,0.2139037433,0.09558823529,0.06274509804,0.2691622103,0.3758169935,0.4300867888
1631095,0.445359375,0.35640625,0.519328125,0.2377232143,0.04545454545,0.05078125,0.071875,0.1008522727,0.3359375,0.1921106557
1631096,0.4678214286,0.3302857143,0.6171607143,0.2914540816,0.06899350649,0.08928571429,0.2035714286,0.137987013,0.3541666667,0.2429742389
1631097,0.44193,0.30673,0.6769,0.1635714286,0.07090909091,0.07,0.031,0.1490909091,0.3433333333,0.2309836066
1631098,0.4006896552,0.1517241379,0.1465517241,0.04679802956,0.01724137931,0.06465517241,0.02068965517,0.02194357367,0.1034482759,0.04522328999
1631099,0.4333552632,0.3216710526,0.3486842105,0.2382518797,0.06519138756,0.1003289474,0.09078947368,0.07177033493,0.4078947368,0.2031924072
1631101,0.4460138889,0.3080694444,0.6590277778,0.1607142857,0.125,0.1076388889,0.02222222222,0.1893939394,0.2777777778,0.3039617486
1631102,0.2384615385,0.1153846154,0.1153846154,0.03571428571,0.05594405594,0.02884615385,0,0.02097902098,0.05128205128,0.04413619168
1631103,0.3968636364,0.3321590909,0.2503863636,0.0413961039,0.03925619835,0.03125,0.004545454545,0.07024793388,0.1098484848,0.08755588674
1631104,0.3889827586,0.1465344828,0.2629310345,0.03756157635,0.08934169279,0.07974137931,0.01034482759,0.08463949843,0.132183908,0.06133408705
1631105,0.6835714286,0,0.5682142857,0.3703231293,0.1244588745,0.08333333333,0.1178571429,0.158008658,0.5496031746,0.1930132709
1631106,0.4761875,0.313875,0.43646875,0.21875,0.0625,0.205078125,0.0890625,0.1065340909,0.3880208333,0.1892930328
1631107,0.43528,0.33138,0.5201,0.14,0.1245454545,0.1025,0.028,0.1181818182,0.28,0.1744262295
1631108,0.4486025641,0.3692179487,0.5497948718,0.1181318681,0.08508158508,0.1025641026,0.03974358974,0.1025641026,0.2457264957,0.1574190836
1631109,0.6028636364,0,0.6709772727,0.3628246753,0.1126033058,0.09090909091,0.1227272727,0.1466942149,0.3977272727,0.25
1631110,0.5248518519,0.2400925926,0.4289444444,0.2328042328,0.1077441077,0.1041666667,0.05,0.1414141414,0.4043209877,0.1873102611
1631111,0.3814857143,0.2309714286,0.2171428571,0.09693877551,0.05454545455,0.07142857143,0.01428571429,0.07012987013,0.1476190476,0.07025761124
1631114,0.4684623656,0.3246344086,0.6997096774,0.1912442396,0.2282502444,0.1922043011,0.05913978495,0.1876832845,0.3727598566,0.3493742288
1631115,0.4235454545,0.2142954545,0.4348409091,0.1785714286,0.07954545455,0.04829545455,0.03636363636,0.1012396694,0.3787878788,0.1128912072
1631116,0.4545454545,0.3863636364,0.04545454545,0.04058441558,0.006198347107,0.01704545455,0.009090909091,0.02066115702,0.05303030303,0.03949329359
1631117,0.6938103448,0.04239655172,0.3785172414,0.4353448276,0.07601880878,0.0775862069,0.2379310345,0.1347962382,0.3735632184,0.1811758055
1631119,0.4272857143,0.3886666667,0.2341269841,0.1666666667,0.09884559885,0.05952380952,0.04920634921,0.06782106782,0.291005291,0.08404892011
1631120,0.3182,0.19165,0.125,0.02857142857,0.03636363636,0.03125,0.005,0.06363636364,0.01666666667,0.03032786885
1631121,0.1666666667,0,0.25,0.008928571429,0.007575757576,0.01041666667,0,0.0303030303,0.04166666667,0.01775956284
1631123,0.3,0.05,0.1334,0.03571428571,0.09090909091,0.1,0.04,0.1454545455,0.06666666667,0.05573770492
1631124,0.4011891892,0.3018243243,0.4181216216,0.07287644788,0.05221130221,0.06925675676,0.02297297297,0.07616707617,0.3648648649,0.1386796633
1631127,0.4,0,0,0.06428571429,0.02727272727,0.075,0,0.01818181818,0.06666666667,0.0131147541
1631128,0.5604680851,0.3335531915,0.6275106383,0.1914893617,0.1170212766,0.1369680851,0.05,0.09381044487,0.3936170213,0.2465992326
1631131,0.4930714286,0,0.5583571429,0.3112244898,0.02922077922,0.1160714286,0.007142857143,0.06493506494,0.2857142857,0.12529274
1631132,0.4728055556,0,0.1388888889,0.09027777778,0.0202020202,0.02777777778,0.04444444444,0.0303030303,0.2037037037,0.04098360656
1631133,0.4161896552,0.212637931,0.3295862069,0.1293103448,0.0289968652,0.07112068966,0.01034482759,0.05329153605,0.25,0.08846806105
1631157,0.4123220339,0.2975423729,0.2824915254,0.06658595642,0.08320493066,0.09110169492,0.02881355932,0.08166409861,0.2598870056,0.09974993054
1631159,0.4225714286,0.07142857143,0.2142857143,0.04081632653,0,0.01785714286,0.007142857143,0.01948051948,0.02380952381,0.03864168618
1631165,0.4746625,0.399025,0.348225,0.09464285714,0.06818181818,0.1890625,0.07875,0.08068181818,0.3666666667,0.1364754098
1631166,0.4695555556,0.3028888889,0.5,0.2579365079,0.101010101,0.05555555556,0.01111111111,0.1515151515,0.3888888889,0.1985428051
1631169,0.3636458333,0.2152708333,0.1493125,0.0349702381,0.01893939394,0.0390625,0.02708333333,0.02462121212,0.1215277778,0.04234972678
1631170,0.4164927536,0.2207681159,0.3964927536,0.152173913,0.1100131752,0.1105072464,0.02028985507,0.1304347826,0.1980676329,0.1363744357
1631172,0.3484761905,0.2353333333,0.1587380952,0.07142857143,0.0367965368,0.0505952381,0.01904761905,0.03896103896,0.130952381,0.06088992974
1631197,0.3848571429,0.1934285714,0.4582857143,0.1071428571,0.05194805195,0.08928571429,0.01428571429,0.05844155844,0.2380952381,0.1381733021
1631199,0.125,0,1,0.25,0.09090909091,0,0,0,0,0.06557377049
1631200,0.3438823529,0.1509705882,0.16275,0.09558823529,0.04545454545,0.06433823529,0.025,0.05748663102,0.1617647059,0.06918997107
1631204,0.4102807018,0.3115789474,0.2947368421,0.04323308271,0.1060606061,0.08114035088,0.00701754386,0.08612440191,0.2105263158,0.1078515962
1631207,0.3886027397,0.1922328767,0.2376712329,0.06066536204,0.0603985056,0.07534246575,0.02054794521,0.06600249066,0.2602739726,0.07320907254
1631209,0.38965,0.39585,0.38335,0.05714285714,0.06363636364,0.06875,0,0.08181818182,0.175,0.09836065574
1631210,0.1923076923,0.04807692308,0,0.03846153846,0.02097902098,0.01923076923,0,0.02097902098,0.03846153846,0.0290037831
1631212,0.4503658537,0.2829268293,0.4015609756,0.1193379791,0.05432372506,0.08993902439,0.1243902439,0.07095343681,0.2926829268,0.1227508996
1631213,0.3787166667,0.3114333333,0.2652833333,0.1303571429,0.09242424242,0.07083333333,0.015,0.1121212121,0.2138888889,0.1428961749
1631214,1,1,0,0,0.04545454545,0,0,0,0,0.08196721311
1631216,0.3231967213,0.2734098361,0.1147540984,0.0462529274,0.02682563338,0.04508196721,0.01147540984,0.02235469449,0.174863388,0.06584251545
1631217,0.5361971831,0,0.2966338028,0.2203219316,0.03585147247,0.08098591549,0.05633802817,0.0781049936,0.2558685446,0.0930501039
1631218,0.5492957746,0,0.329056338,0.1670020121,0.06786171575,0.04577464789,0.05633802817,0.05889884763,0.20657277,0.1025167398
1631221,0.4027272727,0.3691818182,0.2414242424,0.08441558442,0.1074380165,0.07954545455,0.01515151515,0.04683195592,0.1515151515,0.09637357178
1631222,0.4564848485,0.3449090909,0.3846060606,0.1401515152,0.108815427,0.1174242424,0.03484848485,0.1184573003,0.3333333333,0.1137605564
1631223,0.44290625,0.251125,0.21353125,0.09375,0.04971590909,0.0546875,0.028125,0.0625,0.1041666667,0.07838114754
1631230,0.4061764706,0.1764705882,0.1789117647,0.08823529412,0.02540106952,0.03308823529,0.04705882353,0.01336898396,0.2303921569,0.07135969142
1631232,0.4722142857,0.2761428571,0.4678571429,0.1479591837,0.04220779221,0.08928571429,0.07142857143,0.07792207792,0.3571428571,0.1662763466
1631243,0.4101212121,0.2631212121,0.3590909091,0.1504329004,0.03719008264,0.1060606061,0.1,0.04132231405,0.2777777778,0.09786388475
1631245,0.3407777778,0.195037037,0.321,0.0582010582,0.08922558923,0.09722222222,0.01851851852,0.05387205387,0.2654320988,0.09836065574
1631246,0.3943666667,0.3020333333,0.2683333333,0.125,0.08939393939,0.05833333333,0.02666666667,0.1090909091,0.2666666667,0.1054644809
1631247,0.1295833333,0,0.08333333333,0.05952380952,0.0303030303,0.01041666667,0.008333333333,0.06060606061,0.08333333333,0.01639344262
1631248,0.2265428571,0.2008,0.1285714286,0.07040816327,0.04285714286,0.06071428571,0.005714285714,0.03376623377,0.1142857143,0.05667447307
1631250,0.3124166667,0.2338333333,0.04166666667,0.0625,0.03787878788,0.02083333333,0.01666666667,0.0303030303,0.2361111111,0.05191256831
1631255,0.514452381,0.1895714286,0.3988095238,0.1777210884,0.04978354978,0.06547619048,0.09761904762,0.09307359307,0.4206349206,0.1268540203
1631260,0.4118205128,0.3990128205,0.1260769231,0.08608058608,0.06876456876,0.05929487179,0.01025641026,0.04662004662,0.3632478632,0.1252627154
1631288,0.3232972973,0.2459459459,0.2861891892,0.08204633205,0.02702702703,0.0777027027,0.02432432432,0.05405405405,0.2072072072,0.0868409393
1631303,0.1933333333,0.0444,0,0.02380952381,0.02121212121,0.05,0.006666666667,0.0303030303,0.1333333333,0.01967213115
1631306,0.3079,0.2842,0,0.09642857143,0.01363636364,0.05,0.02,0.03636363636,0.2,0.09672131148
1631311,0.3639230769,0.249,0.3269230769,0.0521978022,0.08391608392,0.02884615385,0.01538461538,0.0979020979,0.2307692308,0.1084489281
1631321,0.2398,0.1,0.1,0.0375,0.03409090909,0.0125,0.005,0.05,0.08333333333,0.0262295082
1631323,0.3730533333,0.28992,0.3702266667,0.1023809524,0.03939393939,0.05166666667,0.016,0.06545454545,0.2111111111,0.0974863388
1631342,0.4096666667,0.2936666667,0.1666666667,0.06547619048,0.01515151515,0,0,0.06060606061,0.2777777778,0.1174863388
1631386,0.3125,0.125,0.25,0.1428571429,0.02272727273,0.125,0,0.09090909091,0,0.04918032787
1631466,0.2931,0.16665,0.125,0.02321428571,0.02045454545,0.05,0.02,0.06818181818,0.1416666667,0.05327868852
1641705,0.4672826087,0.3387826087,0.7407608696,0.3928571429,0.1660079051,0.1413043478,0.3826086957,0.2944664032,0.3804347826,0.3977191732
1641706,0.4068518519,0.3590740741,0.7163333333,0.1732804233,0.164983165,0.1342592593,0.07407407407,0.2558922559,0.4567901235,0.3448694596
1641707,0.1903333333,0.2,0.5,0.1785714286,0.0303030303,0.2083333333,0.1333333333,0.06060606061,0.4444444444,0.07650273224
1641708,0.5458026316,0.1521710526,0.5977105263,0.287593985,0.1722488038,0.1792763158,0.125,0.1794258373,0.4057017544,0.2329594478
1641709,0.5332461538,0.1051076923,0.4925692308,0.1835164835,0.0979020979,0.2019230769,0.06923076923,0.1272727273,0.4846153846,0.1672131148
1641710,0.4067228916,0.2569879518,0.5636746988,0.1084337349,0.1314348302,0.1355421687,0.05903614458,0.1544359255,0.3493975904,0.1534663243
1641711,0.3999259259,0.3474259259,0.6740555556,0.1276455026,0.08249158249,0.1111111111,0.01851851852,0.1397306397,0.3703703704,0.2358834244
1641712,0.2779090909,0.15825,0.2056818182,0.05681818182,0.02582644628,0.04545454545,0.009090909091,0.05785123967,0.1401515152,0.05774962742
1641713,0.3574482759,0.318137931,0.3427586207,0.1133004926,0.04545454545,0.05172413793,0.01724137931,0.09717868339,0.1724137931,0.1181458451
1641715,0.3913653846,0.2895,0.3865384615,0.1037087912,0.04283216783,0.07451923077,0.025,0.08041958042,0.141025641,0.1503783102
1641716,0.4355747126,0.2937586207,0.2174252874,0.1026272578,0.06165099269,0.08045977011,0.03103448276,0.08881922675,0.2394636015,0.09364989636
1641717,0.4614565217,0.3282391304,0.1974673913,0.1125776398,0.1091897233,0.2065217391,0.04891304348,0.07411067194,0.356884058,0.1243763364
1641718,0.3913134328,0.328,0.6849850746,0.1348614072,0.2557666214,0.08582089552,0.01343283582,0.2483039349,0.276119403,0.2752630291
1641720,0.3611333333,0.2259333333,0.45,0.06428571429,0.1121212121,0.04166666667,0.04666666667,0.1090909091,0.2777777778,0.1158469945
1641721,0.2938148148,0.2771481481,0.1296296296,0.07142857143,0.03198653199,0.04166666667,0.02592592593,0.04713804714,0.1790123457,0.07043108682
1641722,0.3432857143,0.3118392857,0.4784285714,0.1007653061,0.05357142857,0.06696428571,0.04107142857,0.09415584416,0.1517857143,0.1768149883
1641723,0.416,0.145,0.45,0.075,0.07727272727,0.0375,0.02,0.07272727273,0.15,0.0868852459
1641724,0.3431803279,0.2575245902,0.1024590164,0.04098360656,0.03278688525,0.02663934426,0.01803278689,0.05365126677,0.1885245902,0.07336737436
1641725,0.25115,0.05835,0.075,0.02142857143,0.025,0.0125,0.005,0.02272727273,0.08333333333,0.0262295082
1641726,0.71425,0,0.4101666667,0.2678571429,0.1073232323,0.06944444444,0.1555555556,0.1035353535,0.462962963,0.1429872495
1641727,0.27095,0.2892,0.06665,0.05178571429,0.02727272727,0.0375,0.005,0.06818181818,0.1833333333,0.09344262295
1641729,0.4318450704,0.3625774648,0.3824929577,0.1056338028,0.07042253521,0.08098591549,0.01126760563,0.1370038412,0.2605633803,0.1782498268
1641730,0.3492173913,0.2895434783,0.487826087,0.1405279503,0.0395256917,0.0652173913,0.04565217391,0.09090909091,0.3804347826,0.1496792587
1641731,0.4107118644,0.2518305085,0.6643050847,0.1779661017,0.1533127889,0.1652542373,0.06949152542,0.1926040062,0.3926553672,0.2020005557
1641732,0.3704857143,0.1962,0.2156571429,0.0887755102,0.05714285714,0.09285714286,0.03714285714,0.05974025974,0.1761904762,0.07353629977
1641733,0.3666666667,0.31885,0.2791666667,0.07619047619,0.1098484848,0.03541666667,0.01,0.1242424242,0.2194444444,0.1614754098
1641734,0.2007,0.2717,0,0.025,0.03636363636,0.0125,0.01,0.01818181818,0.06666666667,0.0606557377
1641736,0.2507222222,0.1134166667,0.1805555556,0.03869047619,0.07954545455,0.1145833333,0.005555555556,0.05303030303,0.1666666667,0.04234972678
1641737,0.5888035714,0,0.3864107143,0.15625,0.02191558442,0.05803571429,0.1232142857,0.09902597403,0.3720238095,0.09865339578
1641738,0.4075405405,0.1711621622,0.1351351351,0.06177606178,0.03316953317,0.02364864865,0.01081081081,0.02948402948,0.1036036036,0.04120513957
1641739,0.4538333333,0.3475128205,0.3858974359,0.206043956,0.101981352,0.1858974359,0.0641025641,0.127039627,0.4914529915,0.185372005
1641740,0.3887727273,0.2405227273,0.2168636364,0.0487012987,0.02789256198,0.1079545455,0.004545454545,0.01859504132,0.2386363636,0.06482861401
1641741,0.3601014493,0.2355072464,0.4934202899,0.1102484472,0.06389986825,0.05797101449,0.01884057971,0.06851119895,0.1618357488,0.1259206462
1641744,0.6064571429,0.1480857143,0.5003571429,0.2954081633,0.04675324675,0.06428571429,0.1357142857,0.1220779221,0.4619047619,0.1487119438
1641745,0.2647666667,0.2084666667,0.01666666667,0.03214285714,0.01818181818,0.03333333333,0.01,0.01212121212,0.08333333333,0.03551912568
1641748,0.3824179104,0.2318358209,0.08458208955,0.09701492537,0.05630936228,0.06343283582,0.02089552239,0.07869742198,0.2835820896,0.05627599706
1641752,0.1071428571,0.07142857143,0.07142857143,0.03571428571,0.04545454545,0.03571428571,0.01428571429,0.01298701299,0.1904761905,0.03512880562
1641753,0.20335,0,0.275,0.0625,0.01136363636,0.03125,0,0.02727272727,0.06666666667,0.02459016393
1641755,0.1875,0,0.25,0.07142857143,0.02272727273,0.03125,0.025,0,0.25,0.02459016393
1641757,0.3382105263,0.08857894737,0.2780789474,0.05639097744,0.04545454545,0.06578947368,0.01315789474,0.06220095694,0.1140350877,0.06859361519
1641763,0.4322911392,0.2685696203,0.2922025316,0.07640144665,0.02243958573,0.06012658228,0.0253164557,0.03107019563,0.2278481013,0.07594936709
1641764,0.3952236842,0.3292105263,0.4103289474,0.1809210526,0.153708134,0.1381578947,0.01973684211,0.1112440191,0.2478070175,0.1902502157
1641765,0.3183265306,0.1258367347,0.2936530612,0.09183673469,0.03710575139,0.06632653061,0.01224489796,0.02597402597,0.09523809524,0.06724657076
1641766,0.5,0,0,0.05357142857,0.01136363636,0,0,0.02272727273,0.04166666667,0.03278688525
1641767,0.3895,0.3162159091,0.1568181818,0.08806818182,0.04855371901,0.06534090909,0.01704545455,0.03409090909,0.3125,0.07544709389
1641772,0.5094,0.05,0.45,0.15,0.01818181818,0,0.02,0.03636363636,0.3,0.1180327869
1641774,0.5239705882,0.2994705882,0.5681764706,0.1365546218,0.05213903743,0.04044117647,0.06764705882,0.1122994652,0.2794117647,0.1591128255
1641775,0.2381,0.16002,0.065,0.04928571429,0.01818181818,0.03,0.022,0.03090909091,0.1,0.0268852459
1641779,0.25,0.25,0.1875,0.01785714286,0,0,0,0.04545454545,0,0.01844262295
1641783,0.3780394737,0.2779868421,0.3212763158,0.1170112782,0.06818181818,0.05427631579,0.02368421053,0.06937799043,0.2061403509,0.1149698016
1641787,0.4017142857,0.2946428571,0.59525,0.1530612245,0.08928571429,0.1071428571,0.03571428571,0.1266233766,0.3273809524,0.156323185
1641789,0.3819166667,0.2221666667,0.08333333333,0.01488095238,0.02272727273,0.02083333333,0.008333333333,0.03787878788,0.125,0.03278688525
1641790,0.4120555556,0.1111111111,0.08333333333,0.04365079365,0.0101010101,0,0.02222222222,0.0101010101,0.1018518519,0.03005464481
1641794,0.2618474576,0.1355762712,0.1426610169,0.07869249395,0.04776579353,0.03601694915,0.008474576271,0.05238828968,0.1638418079,0.04390108363
1641796,0.3917272727,0.2839272727,0.2810545455,0.06558441558,0.05619834711,0.075,0.01272727273,0.04297520661,0.2939393939,0.08077496274
1641798,0.3404,0.2166,0.3111333333,0.1047619048,0.05151515152,0.075,0,0.07272727273,0.1555555556,0.08524590164
1641801,0.2083333333,0,0.1666666667,0.04761904762,0.01515151515,0.02083333333,0,0,0.08333333333,0.02732240437
1641803,0.0625,0,0.125,0.01785714286,0.01136363636,0.015625,0,0.02272727273,0.08333333333,0.006147540984
1641809,0.363875,0.307625,0.125,0.05952380952,0.02462121212,0.02604166667,0.008333333333,0.0303030303,0.125,0.0368852459
1641810,0.4398181818,0.3311818182,0.2662954545,0.05113636364,0.0402892562,0.05965909091,0.009090909091,0.06198347107,0.1515151515,0.1136363636
1641815,0,0,0,0.02380952381,0,0.04166666667,0,0,0,0
1641816,0.3210980392,0.2597843137,0.2254901961,0.05952380952,0.01960784314,0.02696078431,0.01176470588,0.02673796791,0.1535947712,0.04789456766
1641817,0.4375,0,0,0.01339285714,0.01136363636,0.015625,0,0.02272727273,0.0625,0.01639344262
1641824,0.41175,0.3243375,0.4397625,0.1241071429,0.04488636364,0.0453125,0.09375,0.08409090909,0.2666666667,0.1409836066
1641842,0.4363372093,0.1528139535,0.4710930233,0.09302325581,0.04334038055,0.07122093023,0.02093023256,0.08245243129,0.2829457364,0.1012199771
1641854,0.3858909091,0.1504909091,0.1909090909,0.0474025974,0.06611570248,0.04545454545,0.03090909091,0.06611570248,0.08181818182,0.05961251863
1641857,0.125,0,0.1458333333,0.03571428571,0.007575757576,0.02083333333,0.01666666667,0.04545454545,0.125,0.01229508197
1641871,0.3645111111,0.2364,0.1703777778,0.07301587302,0.02626262626,0.03333333333,0.03111111111,0.03232323232,0.1518518519,0.07067395264
1641878,0.3341333333,0.1928666667,0.3,0.119047619,0.1696969697,0.125,0.01333333333,0.1878787879,0.2444444444,0.1191256831
1641879,0.1665,0,0,0.05357142857,0.09090909091,0.125,0,0,0.4166666667,0.01639344262
1641890,0.4772631579,0.2614210526,0.1052631579,0.04511278195,0.00956937799,0.01973684211,0.02105263158,0.03827751196,0.09649122807,0.05780845557
1641936,0.111,0.1666666667,0.1666666667,0.1071428571,0,0.08333333333,0.03333333333,0,0,0.03825136612
1641989,0.1752,0.1262,0.15,0.075,0.03636363636,0.125,0.01,0.02727272727,0.3,0.05245901639
1641998,0.4622894737,0,0.1513157895,0.09868421053,0.01913875598,0.02960526316,0.03947368421,0.05741626794,0.3026315789,0.04098360656
1642024,0.5616666667,0.3730666667,0.3666666667,0.1119047619,0.01212121212,0.08333333333,0.06666666667,0.03636363636,0.2333333333,0.08306010929
1642050,0.5556666667,0.2778333333,0.25,0.06547619048,0.0303030303,0.08333333333,0,0.01515151515,0.1111111111,0.06010928962
1642258,0.44232,0.31544,0.46868,0.1276190476,0.05575757576,0.08666666667,0.04933333333,0.1115151515,0.3311111111,0.2059016393
1642259,0.392761194,0.2893731343,0.4873134328,0.2318763326,0.1092265943,0.08208955224,0.1507462687,0.1546811398,0.3631840796,0.2126253976
1642261,0.4250632911,0.3279493671,0.2997974684,0.09900542495,0.03797468354,0.03797468354,0.01012658228,0.04257767549,0.194092827,0.1469184478
1642262,0.29274,0.23116,0.24766,0.08071428571,0.05363636364,0.0575,0.032,0.08,0.3166666667,0.07540983607
1642263,0.30425,0.2533653846,0.125,0.05288461538,0.06468531469,0.08894230769,0.03461538462,0.06293706294,0.1730769231,0.07219419924
1642264,0.410691358,0.2676296296,0.6205555556,0.130952381,0.1863075196,0.1141975309,0.02716049383,0.1986531987,0.3374485597,0.2408419348
1642265,0.3418979592,0.2125714286,0.08163265306,0.03790087464,0.09554730983,0.05102040816,0.002040816327,0.09833024119,0.1292517007,0.07594513215
1642266,0.3955576923,0.2789615385,0.425,0.1098901099,0.0708041958,0.1033653846,0.01923076923,0.08741258741,0.3044871795,0.1415510719
1642267,0.393097561,0.3168170732,0.3646341463,0.1485191638,0.2017738359,0.08231707317,0.0256097561,0.1563192905,0.3861788618,0.1613354658
1642268,0.3994084507,0.1793098592,0.4103661972,0.1182092555,0.28553137,0.1161971831,0.02253521127,0.2663252241,0.3497652582,0.1419995382
1642269,0.2630555556,0.2120833333,0.3009166667,0.0753968254,0.05176767677,0.07291666667,0.01111111111,0.04545454545,0.1805555556,0.06284153005
1642270,0.5258507463,0.1529850746,0.3165373134,0.2809168443,0.05223880597,0.06343283582,0.1641791045,0.09769335142,0.4701492537,0.1066797162
1642271,0.495943662,0.2832112676,0.4259859155,0.2213279678,0.08962868118,0.08450704225,0.03098591549,0.1306017926,0.4014084507,0.1593165551
1642272,0.4413043478,0.3279565217,0.5253478261,0.08695652174,0.1185770751,0.08152173913,0,0.1462450593,0.268115942,0.250890948
1642273,0.3451323529,0.2934117647,0.3348088235,0.1496848739,0.1129679144,0.125,0.07352941176,0.1296791444,0.4926470588,0.1422372228
1642274,0.5299589041,0,0.4500136986,0.2940313112,0.06164383562,0.06335616438,0.1342465753,0.102117061,0.3310502283,0.1493375253
1642275,0.3490166667,0.2838166667,0.3517833333,0.1666666667,0.05606060606,0.06041666667,0.02333333333,0.08787878788,0.2333333333,0.09644808743
1642276,0.5295,0.2056617647,0.2409264706,0.2584033613,0.04278074866,0.07352941176,0.1073529412,0.07887700535,0.2794117647,0.1480231437
1642277,0.22348,0.1342,0.14858,0.05428571429,0.01818181818,0.045,0.024,0.02363636364,0.1533333333,0.03442622951
1642278,0.3254444444,0.2337777778,0.1435277778,0.02777777778,0.09090909091,0.04166666667,0.01111111111,0.04545454545,0.1203703704,0.03734061931
1642279,0.2857142857,0,0.07142857143,0.04081632653,0.01298701299,0,0.01428571429,0.02597402597,0.119047619,0.01170960187
1642280,0.111,0,0.5,0.03571428571,0,0,0,0.02272727273,0.1666666667,0.04508196721
1642281,0.3268297872,0.2624042553,0.203893617,0.0782674772,0.04835589942,0.03989361702,0.008510638298,0.05415860735,0.1914893617,0.06662016045
1642285,0.3322727273,0.2380454545,0.3636363636,0.0487012987,0.07024793388,0.05113636364,0.004545454545,0.02479338843,0.1742424242,0.07898658718
1642345,0.5101147541,0,0.1871639344,0.1299765808,0.05290611028,0.05737704918,0.04754098361,0.05812220566,0.2786885246,0.06852996506
1642346,0.3881369863,0.2607260274,0.1278493151,0.1306262231,0.03549190535,0.07534246575,0.05479452055,0.0498132005,0.3698630137,0.1147540984
1642347,0.4125466667,0.3165066667,0.3402266667,0.05476190476,0.1915151515,0.09666666667,0.01333333333,0.1418181818,0.3511111111,0.1165027322
1642348,0.4385909091,0.3199318182,0.2428181818,0.1201298701,0.07128099174,0.1278409091,0.03636363636,0.1012396694,0.3712121212,0.1657973174
1642349,0.4140416667,0.3002083333,0.3576458333,0.05729166667,0.06912878788,0.0703125,0.008333333333,0.06628787879,0.2604166667,0.09392076503
1642352,0.317375,0.1041875,0.140625,0.0625,0.01136363636,0.0390625,0.025,0.02840909091,0.125,0.04610655738
1642353,0.2102,0.08333333333,0.06666666667,0.03333333333,0.01818181818,0.05,0.006666666667,0.01818181818,0.04444444444,0.02513661202
1642354,0.3151111111,0.2095,0.4213055556,0.1081349206,0.1414141414,0.1180555556,0.01666666667,0.1414141414,0.2592592593,0.1284153005
1642355,0.2538461538,0.1871923077,0.2115384615,0.02472527473,0.03846153846,0.04326923077,0.01153846154,0.04545454545,0.08333333333,0.03909205549
1642358,0.3895172414,0.2315517241,0.4166551724,0.07266009852,0.1191222571,0.05172413793,0.01034482759,0.1097178683,0.2873563218,0.1243640475
1642359,0.2513333333,0.1296111111,0.09261111111,0.03571428571,0.01262626263,0.02083333333,0.01111111111,0.0202020202,0.06481481481,0.029143898
1642366,0.3858679245,0.3199433962,0.2405660377,0.1185983827,0.05831903945,0.04481132075,0.03962264151,0.06689536878,0.3238993711,0.1190844417
1642367,0.426047619,0.1605873016,0.3450952381,0.1763038549,0.1053391053,0.1091269841,0.05396825397,0.101010101,0.3597883598,0.1012230029
1642368,0.86675,0,0.41675,0.1875,0.02272727273,0.03125,0.125,0.04545454545,0.375,0.09836065574
1642377,0.4129113924,0.3192278481,0.4699493671,0.1211573237,0.07767548907,0.06962025316,0.01012658228,0.07940161105,0.3080168776,0.17078232
1642382,0.4560689655,0.3475517241,0.201137931,0.06650246305,0.02194357367,0.02155172414,0.0724137931,0.02194357367,0.1264367816,0.06896551724
1642384,0.25,0.08333333333,0.08333333333,0.02380952381,0.003787878788,0.01041666667,0.01666666667,0.007575757576,0.02777777778,0.01775956284
1642385,0.04175,0,0.125,0.01785714286,0,0,0,0,0,0.01229508197
1642389,0,0,0,0,0,0,0,0,0,0
1642399,0,0,0,0,0.02272727273,0,0,0,0.1666666667,0
1642402,0.3409090909,0.02272727273,0.25,0.0487012987,0.01859504132,0.01704545455,0.01363636364,0.02479338843,0.1590909091,0.03427719821
1642403,0.5123243243,0.06756756757,0.2477297297,0.05501930502,0.01474201474,0.01689189189,0.02702702703,0.03931203931,0.1306306306,0.05937084626
1642419,0.411862069,0.3675344828,0.1465517241,0.09729064039,0.04153605016,0.03663793103,0.01724137931,0.04231974922,0.2643678161,0.1184284907
1642422,0.4,0,0.05,0.0625,0.005681818182,0.0625,0.025,0.03409090909,0.1041666667,0.02868852459
1642434,0,0,0,0.07142857143,0,0,0,0,0,0
1642439,0.1665,0.1665,0,0,0.02272727273,0,0,0.04545454545,0,0.02459016393
1642443,0.5,0.1666666667,0.1666666667,0.01785714286,0.04545454545,0,0,0.01515151515,0.05555555556,0.03005464481
1642449,0.667,0,0.667,0.2857142857,0,0,0,0.1818181818,0.5,0.2295081967
1642450,0.1785714286,0.1428571429,0,0.01020408163,0.01948051948,0,0,0.01298701299,0.04761904762,0.01639344262
1642461,0.1315789474,0.02631578947,0.1052631579,0.03195488722,0.01196172249,0.03289473684,0.02631578947,0.02392344498,0.149122807,0.02243313201
1642484,0.1819090909,0.1575454545,0.09090909091,0.03896103896,0.05785123967,0.07954545455,0.01818181818,0.04132231405,0.1060606061,0.04470938897
1642502,0,0,0.1666666667,0.01785714286,0.007575757576,0,0,0.01515151515,0.1111111111,0.005464480874
1642505,0.3333333333,0.3333333333,0.05555555556,0.05158730159,0.01262626263,0.03472222222,0,0.0202020202,0.1111111111,0.03278688525
1642530,0.1856111111,0.1164444444,0.1666666667,0.02380952381,0.04545454545,0.01388888889,0,0.02525252525,0.07407407407,0.03278688525
Grand Total,0.4339931846,0.2691076476,0.4206531674,0.1482849354,0.1127763158,0.09653771656,0.04604899745,0.1155904249,0.2945406937,0.1756048827