Player_ID,FG_PCT,FG3_PCT,FT_PCT,REB,AST,STL,BLK,TOV,PF,PTS
,#DIV/0!,#DIV/0!,#DIV/0!,#DIV/0!,#DIV/0!,#DIV/0!,#DIV/0!,#DIV/0!,#DIV/0!,0
2544,0.4826283186,0.2978849558,0.6687964602,7.584070796,7.353982301,1.380530973,0.4247787611,3.424778761,1.619469027,2673
101108,0.4327804878,0.386695122,0.4827317073,3.609756098,7.37804878,1.256097561,0.2682926829,1.573170732,1.841463415,723
200768,0.2639428571,0.2462,0.2571428571,1.914285714,2.742857143,0.9428571429,0.3142857143,0.6,1.771428571,138
200782,0.02195121951,0.0243902439,0,0.1951219512,0,0.0243902439,0.0243902439,0.0243902439,1.12195122,9
201142,0.5350483871,0.4657903226,0.8068387097,6.032258065,4.241935484,0.8064516129,1.241935484,3.064516129,1.677419355,1647
201143,0.4712037037,0.4069166667,0.1689814815,4.731481481,1.37037037,0.4259259259,0.6111111111,0.8333333333,1.731481481,990
201144,0.2825564516,0.3024758065,0.2978306452,2.080645161,3.524193548,1.201612903,0.3790322581,1.008064516,1.620967742,741
201145,0.2213972603,0.156630137,0.1007808219,0.8082191781,0.2739726027,0.08219178082,0.05479452055,0.1232876712,0.4383561644,175
201566,0.3972936508,0.3232063492,0.3731111111,4.801587302,4.5,0.9365079365,0.3015873016,3.357142857,2.738095238,1386
201567,0.276826087,0.248,0.2391304348,4.086956522,0.9565217391,0.652173913,0.1739130435,0.6086956522,0.9130434783,122
201569,0.3763076923,0.3389487179,0.3601794872,1.179487179,1.666666667,0.6666666667,0.3076923077,0.7179487179,0.8205128205,266
201572,0.3412601626,0.2393577236,0.6721544715,3.325203252,1.195121951,0.4146341463,1.243902439,0.7154471545,1.479674797,1142
201587,0.3580650407,0.3582926829,0.07317073171,2.609756098,1.414634146,0.7804878049,1.008130081,0.3008130081,1.62601626,466
201599,0.7298118812,0,0.08564356436,2.940594059,0.5445544554,0.1584158416,0.2772277228,0.4158415842,1.564356436,291
201935,0.3611129032,0.3150967742,0.895516129,5.516129032,10.04032258,1.637096774,0.8064516129,3.532258065,1.435483871,2199
201939,0.4836465517,0.4285258621,0.5632672414,3.362068966,4.310344828,0.7586206897,0.3103448276,2.284482759,0.9310344828,2393
201942,0.479,0.3002727273,0.8335714286,3.87012987,4.441558442,0.8051948052,0.4155844156,1.363636364,1.948051948,1710
201949,0.4012407407,0,0.009259259259,0.1296296296,0.5555555556,0.2592592593,0.5185185185,0.09259259259,0.5555555556,61
201950,0.338287037,0.2063981481,0.6021666667,4.157407407,3.583333333,1.027777778,0.2592592593,1.583333333,1.87962963,920
201959,0.4392432432,0.01351351351,0.1599189189,3.243243243,0.5675675676,0.2432432432,0.4864864865,0.6756756757,1.459459459,107
201988,0.411,0.6875588235,0.08088235294,0.3235294118,0.3823529412,0.1911764706,0.04411764706,0.8235294118,0.9264705882,228
202066,0.1484285714,0.1101071429,0.1696428571,1.035714286,1.107142857,0.6071428571,0.07142857143,0.3571428571,0.8214285714,53
202331,0.4207317073,0.3453658537,0.5650487805,5.341463415,4.341463415,1.829268293,0.487804878,2.585365854,2.463414634,665
202681,0.4766,0.37284,0.84696,4.8,4.62,1.32,0.46,2.22,2.02,1234
202684,0.4005679012,0,0.2705802469,4.666666667,0.3209876543,0.04938271605,0.6296296296,0.6666666667,0.9382716049,191
202685,0.5539382716,0.07407407407,0.6820987654,7.740740741,2.024691358,0.4567901235,0.5679012346,1.481481481,2.234567901,843
202687,0.5191785714,0,0.1375,5.642857143,1.107142857,0.5714285714,0.8214285714,0.9642857143,1.857142857,144
202691,0.4034722222,0.3675138889,0.3699166667,3.416666667,2.013888889,0.6944444444,0.4166666667,1.222222222,1.125,1005
202692,0.50975,0.4936704545,0.1711590909,2.295454545,1.511363636,0.3181818182,0.07954545455,0.3295454545,0.4204545455,590
202693,0.2897333333,0.2761333333,0.1666666667,1.533333333,1.4,0.1333333333,0.2,0.3333333333,1.066666667,56
202695,0.4839634146,0.4419512195,0.800902439,5.634146341,2.743902439,0.8170731707,1.195121951,1.524390244,2.219512195,1807
202696,0.5356027397,0.3938767123,0.5272465753,10.06849315,3.506849315,0.8356164384,0.7123287671,1.630136986,2.232876712,1349
202699,0.5153589744,0.3156410256,0.7463504274,5.709401709,1.41025641,1.008547009,0.547008547,1.102564103,1.641025641,1628
202704,0.3462580645,0.2632903226,0.1290322581,1.35483871,1.451612903,0.5161290323,0.09677419355,0.5483870968,1.096774194,136
202709,0.2085376344,0.171655914,0.07311827957,1.709677419,2.161290323,1.150537634,0.4731182796,0.2150537634,1.053763441,202
202710,0.4450865385,0.1848653846,0.7962307692,5.788461538,5.625,1.961538462,0.2019230769,1.201923077,1.394230769,1824
203076,0.5089411765,0.2326666667,0.7067254902,11.56862745,3.549019608,1.156862745,2.156862745,2.215686275,1.921568627,1261
203078,0.4812075472,0.3652264151,0.5316037736,3.339622642,3.679245283,1.094339623,0.5283018868,1.867924528,2.566037736,902
203081,0.2625757576,0.2206868687,0.549040404,3.595959596,5.050505051,0.7272727273,0.1212121212,1.666666667,1.060606061,1468
203083,0.497225,0.05,0.472775,7.75,0.85,0.975,0.45,1.375,2.35,293
203084,0.4831829268,0.4029268293,0.578195122,3.780487805,1.658536585,0.4756097561,0.1707317073,0.6097560976,0.9146341463,1011
203109,0.1851111111,0.1944444444,0.09255555556,2.222222222,0.6666666667,0.3333333333,0,0.4444444444,1.111111111,23
203110,0.3926525424,0.2411101695,0.4843220339,6.016949153,5.56779661,1.313559322,0.686440678,2.754237288,3.525423729,1110
203114,0.4407297297,0.3049189189,0.559027027,3.702702703,4.054054054,0.9459459459,0.2162162162,1.513513514,2.027027027,440
203458,0.1731395349,0.01744186047,0.0416627907,1.151162791,0.4418604651,0.1046511628,0.2441860465,0.2325581395,0.6511627907,74
203468,0.4255714286,0.3376785714,0.6295892857,3.785714286,4.053571429,0.8214285714,0.4285714286,1.892857143,2.214285714,1183
203471,0.3825294118,0.3012184874,0.7523445378,3.058823529,6.453781513,0.9327731092,0.1092436975,1.571428571,2.25210084,1397
203482,0.4956363636,0.3473181818,0.4901590909,4.681818182,2.909090909,0.75,0.4318181818,1.727272727,2.795454545,384
203484,0.3827333333,0.3011833333,0.315975,2.483333333,1.525,1.2,0.3083333333,0.85,1.225,1002
203486,0.5442027027,0,0.3655540541,6.148648649,1.810810811,0.4459459459,0.6351351351,0.7972972973,2.081081081,333
203497,0.719632,0,0.421056,9.072,1.432,0.552,1.296,1.088,2.376,1135
203500,0.3977669903,0,0.3485048544,6.203883495,0.6796116505,0.2427184466,0.3495145631,0.9417475728,0.6504854369,379
203501,0.3510330579,0.2839090909,0.3539504132,3.223140496,1.388429752,0.6446280992,0.05785123967,1.727272727,1.190082645,1182
203507,0.5798272727,0.2409090909,0.6108,14.86363636,8.727272727,1.263636364,1.445454545,4.5,3.245454545,3341
203552,0.3819705882,0.3416911765,0.2573529412,1.661764706,0.8823529412,0.3970588235,0.1029411765,0.4705882353,0.8676470588,444
203897,0.5005405405,0.4307027027,0.7265540541,4.256756757,4.189189189,0.7837837838,0.1621621622,2.810810811,1.635135135,1724
203901,0.2521666667,0.04166666667,0.05208333333,3.291666667,6.916666667,1,0.4583333333,2.458333333,1.5,85
203903,0.3991351351,0.3331081081,0.6955945946,3.189189189,3.72972973,0.8378378378,0.2432432432,2.324324324,1.405405405,600
203914,0.6011538462,0.563010989,0.03114285714,1.175824176,0.7802197802,0.3186813187,0.1428571429,0.1868131868,0.5714285714,266
203915,0.4093291139,0.3460379747,0.5740253165,2.64556962,4.417721519,0.8860759494,0.2151898734,1.291139241,1.53164557,872
203924,0.3687446809,0.3620851064,0.6114680851,3.468085106,2.14893617,0.8723404255,0.9787234043,1.382978723,2.319148936,677
203926,0.2679285714,0.276047619,0.02778571429,0.5238095238,0.1666666667,0.09523809524,0.04761904762,0.1428571429,0.7142857143,147
203932,0.5085145631,0.3855242718,0.7983106796,7.514563107,1.970873786,0.3009708738,0.1844660194,2.40776699,1.495145631,1293
203935,0.3866764706,0.3221470588,0.45,2.117647059,3.205882353,1.147058824,0.2647058824,1.588235294,1.558823529,305
203937,0.2813960396,0.132009901,0.164029703,2.04950495,1.445544554,0.396039604,0.3267326733,0.7524752475,1.188118812,357
203939,0.3584909091,0.02727272727,0.2196909091,2.145454545,1,0.3272727273,0.3818181818,0.3272727273,1.363636364,114
203944,0.4971557377,0.3859508197,0.7718114754,6.344262295,4.262295082,0.7540983607,0.1475409836,3.221311475,2.467213115,2460
203952,0.4264803922,0.3483529412,0.4265882353,4.62745098,2.009803922,0.5980392157,0.5392156863,2.196078431,1.421568627,1580
203954,0.4251578947,0.3317894737,0.8389473684,8.157894737,4.473684211,0.7368421053,0.9473684211,3.263157895,2.210526316,452
203957,0.4623,0.3768,0.4125,1.65,2.8,0.6,0.15,1.1,1.7,174
203967,0.300125,0.115625,0.1875,3.125,1.4375,0.4375,0.0625,0.9375,1.1875,56
203991,0.5656181818,0,0.3478909091,8.527272727,1.127272727,0.6181818182,0.9636363636,0.8545454545,1.927272727,488
203992,0.4725151515,0.3098383838,0.6402424242,2.95959596,2.01010101,0.8282828283,0.1111111111,2.01010101,3.070707071,1084
203994,0.4629803922,0.2519215686,0.5336666667,7.803921569,2.254901961,0.7843137255,0.6666666667,1.901960784,2.549019608,453
203995,0.2934878049,0.2698536585,0.3203414634,2.170731707,3.12195122,0.3658536585,0,1.87804878,1.097560976,269
203999,0.5645737705,0.4476885246,0.7793360656,11.68032787,8.959016393,1.278688525,0.4836065574,3.909836066,2.655737705,3220
204001,0.3643626374,0.4292967033,0.6343076923,5.758241758,1.043956044,0.4505494505,1.197802198,0.7032967033,2.406593407,1059
204060,0.06142105263,0.04826315789,0,0.5789473684,1.210526316,0.1052631579,0,0.4736842105,0.6315789474,15
204456,0.4942785714,0.1946428571,0.2678642857,2.785714286,4.078571429,1.035714286,0.2,1.685714286,1.071428571,1261
1626143,0,0,0,1,1,0,0,0,0,0
1626145,0.4311234568,0.3871111111,0.2633703704,2.419753086,5.296296296,0.8518518519,0.0987654321,1.12345679,0.7777777778,829
1626153,0.158,0.1173855422,0.3915662651,1.156626506,1.084337349,0.5060240964,0.1686746988,0.2891566265,0.3012048193,189
1626156,0.3701724138,0.3030517241,0.582637931,2.793103448,5.120689655,0.9655172414,0.3965517241,1.862068966,1.982758621,732
1626157,0.4953046875,0.3051796875,0.7798828125,12.5,2.4140625,0.8828125,0.5,2.4140625,3.640625,2927
1626158,0.5988709677,0,0.5618387097,5.709677419,1.35483871,0.2903225806,0.7419354839,0.6774193548,1.580645161,230
1626162,0.4698333333,0.2606333333,0.5589833333,6.133333333,1.8,1.533333333,0.5,1.333333333,3,906
1626164,0.4532933333,0.2992666667,0.8851866667,4.066666667,7.053333333,0.8933333333,0.2133333333,2.933333333,2.64,1923
1626166,0.2336693548,0.1876048387,0.1641129032,0.9435483871,2.016129032,0.3709677419,0.1532258065,0.7580645161,1.112903226,536
1626167,0.482593985,0.3581353383,0.6657067669,5.383458647,1.383458647,0.5639097744,1.796992481,1.631578947,2.706766917,1821
1626168,0.4106956522,0.3194492754,0.3297101449,4.579710145,1.188405797,0.5942028986,0.3333333333,0.5652173913,1.246376812,451
1626171,0.4087391304,0.3560869565,0.2733804348,9.043478261,2.032608696,0.8152173913,0.3043478261,1.097826087,2.347826087,1282
1626172,0.3375,0.01587301587,0.1965396825,4.936507937,1.261904762,0.4206349206,0.3333333333,0.3253968254,1.46031746,372
1626179,0.369015625,0.260796875,0.5046875,3.71875,2.609375,0.578125,0.21875,1.21875,1.140625,679
1626181,0.4370095238,0.2624,0.8226761905,2.695238095,2.076190476,0.7714285714,0.4666666667,2.228571429,2.314285714,1760
1626192,0.2974146341,0.1487804878,0.3465487805,2.280487805,1.329268293,0.1097560976,0.1341463415,0.3048780488,0.5609756098,336
1626196,0.2525,0.279125,0.25,1.5,1.5,1,0.125,1,2.125,32
1626204,0.4745833333,0.3424583333,0.1875,4.291666667,1.583333333,0.8333333333,0.5416666667,0.6666666667,1.541666667,203
1626220,0.40964,0.3939733333,0.1233333333,4.653333333,2.173333333,0.8933333333,0.4533333333,0.8666666667,2.013333333,680
1627732,0.2714255319,0,0.08068085106,3.042553191,3.074468085,0.414893617,0.6914893617,1.106382979,1.255319149,260
1627734,0.5920285714,0.3640285714,0.6748,13.88571429,6.042857143,0.6857142857,0.3714285714,2.885714286,3.271428571,1337
1627736,0.4353253968,0.4228253968,0.5914126984,2.420634921,1.761904762,0.6031746032,0.04761904762,1.920634921,1.674603175,2180
1627739,0.3810840336,0.4041764706,0.06162184874,2.630252101,2.159663866,1.781512605,0.2605042017,0.9495798319,2.12605042,632
1627741,0.3429772727,0.2468560606,0.5031590909,3.5,1.477272727,1.196969697,0.2121212121,1.909090909,2.583333333,1382
1627742,0.4539444444,0.3787777778,0.7293333333,5.555555556,5.166666667,0.8888888889,0.6111111111,3.833333333,2.5,400
1627746,0.25,0.25,0,0.75,0.25,0,0,0,0.25,5
1627747,0.44065625,0.34971875,0.5220625,3.171875,3.359375,0.890625,0.515625,1.1875,1.546875,776
1627749,0.3911612903,0.2765483871,0.7620645161,6.451612903,7.35483871,2.032258065,0.3870967742,3.419354839,1.967741935,542
1627750,0.4341932773,0.2857226891,0.5536134454,3.12605042,4.672268908,1.848739496,0.6806722689,2.18487395,1.672268908,2243
1627751,0.6124561404,0.01754385965,0.4898070175,9.596491228,2.771929825,1.157894737,1.245614035,1.947368421,3.087719298,824
1627752,0.292495935,0.2831056911,0.1585365854,2.682926829,1.325203252,0.6341463415,0.4390243902,1.016260163,1.365853659,662
1627759,0.4409017857,0.3237946429,0.6303839286,6.017857143,4.928571429,1.098214286,0.5267857143,4.160714286,3.6875,2401
1627763,0.4089166667,0.24425,0.7572916667,3.791666667,4.083333333,0.5416666667,0.2083333333,1.583333333,1.25,305
1627777,0.4610632911,0.4002911392,0.2668734177,3.443037975,1.405063291,0.3544303797,0.1772151899,1.037974684,2.544303797,784
1627780,0.3434594595,0.1437117117,0.1148648649,1.927927928,0.9279279279,0.9009009009,0.1531531532,0.4144144144,1.198198198,459
1627783,0.5060503597,0.378705036,0.7022014388,6.568345324,3.352517986,1.035971223,0.7338129496,1.381294964,2.446043165,2797
1627814,0.33844,0.2,0.35,0.8,0.44,0.24,0,0.4,0.24,83
1627824,0.4645,0.3050571429,0.4967571429,5.642857143,2.114285714,0.8285714286,0.3428571429,1.242857143,2.342857143,768
1627826,0.587856,0,0.372648,12.904,2.448,0.784,0.776,2.016,2.408,1842
1627827,0.4938207547,0.3601415094,0.1046698113,3.962264151,1.688679245,0.9150943396,0.2358490566,0.9339622642,3.594339623,846
1627832,0.4028095238,0.3992857143,0.7183714286,4.914285714,4.552380952,1.685714286,0.2571428571,2.038095238,2.933333333,1621
1627884,0.5195983607,0.3013114754,0.3625655738,2.885245902,0.5081967213,0.9918032787,1.278688525,0.8770491803,1.278688525,1288
1627936,0.3992782609,0.3290869565,0.378026087,2.843478261,2.252173913,2.017391304,0.547826087,0.747826087,2.608695652,958
1628365,0.3739047619,0.119047619,0.04761904762,0.9523809524,1.285714286,0.4761904762,0.09523809524,0.7142857143,0.5714285714,61
1628366,0.3891714286,0.3542285714,0.2123714286,3.371428571,3.285714286,1.342857143,0.4857142857,1.171428571,1.571428571,267
1628368,0.4617741935,0.3191612903,0.7444516129,4.806451613,6.322580645,1.467741935,0.4032258065,2.806451613,2.64516129,1459
1628369,0.482940678,0.3733389831,0.8870423729,8.686440678,5.313559322,2.06779661,1.008474576,3.271186441,2.466101695,3724
1628370,0.4338615385,0.2946615385,0.6623846154,3.769230769,5.569230769,0.9384615385,0.5846153846,2.446153846,2.430769231,1117
1628371,0.4014912281,0.1304122807,0.4195964912,3.175438596,0.701754386,0.5526315789,0.7105263158,0.9736842105,1.149122807,588
1628374,0.4314255319,0.3462340426,0.7428723404,5.914893617,1.489361702,0.7021276596,0.3617021277,1.404255319,1.680851064,892
1628378,0.4045982906,0.3372564103,0.7386324786,5.923076923,3.709401709,2.222222222,0.4871794872,2.076923077,2,3275
1628379,0.448046729,0.2269065421,0.2048317757,2.906542056,3.14953271,0.5046728972,0.05607476636,1.439252336,0.9345794393,746
1628380,0.469671875,0.2484375,0.327078125,4.5,1.734375,0.453125,0.453125,0.9375,2.0625,407
1628381,0.537875,0.38055,0.89385,8.175,2,0.975,1,2.575,2.9,758
1628384,0.4758076923,0.3292538462,0.6295769231,4.707692308,2.107692308,1.676923077,1.169230769,1.353846154,2.123076923,2392
1628386,0.6867829457,0,0.5782868217,8.015503876,1.341085271,0.984496124,0.6511627907,1.488372093,1.418604651,1579
1628389,0.471075,0.2897166667,0.4627916667,10.40833333,4.216666667,1.166666667,0.45,2.391666667,2.375,1974
1628392,0.6167627119,0,0.3526271186,8.728813559,2.788135593,0.8644067797,0.8559322034,1.347457627,2.474576271,1072
1628396,0.2441111111,0.01587301587,0.5,2.19047619,0.1587301587,0.03174603175,0.1904761905,0.2857142857,0.6666666667,149
1628398,0.4184074074,0.3379907407,0.2910462963,5.287037037,1.444444444,0.3333333333,0.1851851852,1.731481481,1.916666667,1183
1628401,0.393232,0.341672,0.452128,3.544,3.832,0.928,0.752,1.448,1.888,1771
1628404,0.4398796992,0.2497518797,0.6108947368,8.496240602,4.541353383,1.654135338,0.3007518797,1.796992481,2.827067669,1458
1628408,0.2222222222,0.2222222222,0.05555555556,0.5555555556,0.5555555556,0.1111111111,0,0.1111111111,0.3333333333,7
1628415,0.3944583333,0.261875,0.6461666667,3.108333333,1.458333333,0.8583333333,0.15,1.341666667,3.191666667,1443
1628418,0.3650241935,0.2871693548,0.3440887097,2.491935484,0.4838709677,0.2741935484,0.4435483871,0.3629032258,1.217741935,586
1628420,0.3888444444,0.2637111111,0.2892666667,1.488888889,1.622222222,0.4444444444,0.06666666667,0.4666666667,0.5111111111,233
1628427,0.0527037037,0.03394444444,0,2,0.1666666667,0.05555555556,0.03703703704,0.9259259259,0.1851851852,24
1628436,0.5982540984,0,0.5351803279,5.114754098,1.303278689,0.3442622951,1,0.9016393443,1.754098361,682
1628449,0.4601,0.3048,0.40218,4.48,0.66,0.48,0.5,0.58,1.36,502
1628464,0.4135675676,0.1711621622,0.2986486486,4.297297297,1.594594595,0.4594594595,0.4864864865,0.6756756757,1.810810811,160
1628467,0.1498356164,0.09908219178,0.6232876712,1.301369863,0.5890410959,0.1232876712,0.2328767123,0.8493150685,1.438356164,181
1628470,0.4217826087,0.682057971,0.05797101449,1.666666667,1.898550725,0.1304347826,0.1739130435,0.1449275362,1.057971014,228
1628960,0.453953125,0.427546875,0.468171875,3.03125,2.140625,0.84375,0.296875,1.171875,1.484375,680
1628963,0.18,0.03052112676,0.1161971831,1.802816901,0.1549295775,0.1549295775,0.1267605634,1.281690141,1.366197183,153
1628964,0.4621875,0.22240625,0.29428125,4.53125,0.5625,0.28125,0.96875,0.625,1.75,138
1628969,0.5102318841,0.3581666667,0.5035,2.920289855,3.557971014,1.036231884,0.847826087,2.275362319,2.101449275,2255
1628970,0.427015625,0.31234375,0.773609375,7.515625,3.875,0.6875,0.703125,2.125,1.453125,1300
1628971,0.3574390244,0.2330243902,0.5569268293,4,2.048780488,0.8292682927,0.243902439,0.9512195122,1.731707317,340
1628973,0.4727107438,0.3401487603,0.7352892562,2.760330579,6.884297521,0.5950413223,0.132231405,3.082644628,2.049586777,2977
1628975,0.3393611111,0.2251388889,0.1111111111,1.083333333,1.111111111,0.3611111111,0.08333333333,0.3055555556,0.4166666667,153
1628976,0.4779279279,0.1514864865,0.5245585586,8.342342342,1.603603604,1.171171171,0.3873873874,0.7657657658,2.243243243,1125
1628978,0.4502956522,0.4213478261,0.2471043478,4.034782609,3.226086957,1.173913043,0.1913043478,1.756521739,2.07826087,1133
1628981,0.4911176471,0,0.1764705882,3,1.058823529,0.2352941176,0.5294117647,0.8235294118,1.588235294,58
1628983,0.5066569343,0.3642116788,0.8912992701,5.03649635,6.452554745,1.751824818,0.9635036496,2.525547445,2.467153285,4341
1628988,0.414631068,0.5711650485,0.1582524272,1.145631068,0.8349514563,0.1844660194,0.1067961165,0.3689320388,1.019417476,466
1628989,0.394,0.3052318841,0.2376811594,2.971014493,2.260869565,0.9565217391,0.3333333333,0.9710144928,1.753623188,681
1628991,0.4048362069,0.247387931,0.8238534483,5.077586207,1.982758621,1.482758621,1.318965517,3.051724138,3.974137931,2161
1628995,0.766754386,0.03654385965,0.06578947368,0.4210526316,0.8070175439,0.0350877193,0.08771929825,0.7719298246,0.7894736842,141
1628997,0.4124222222,0.2720666667,0.3940666667,3.933333333,2.111111111,1.022222222,0.5111111111,1.244444444,1.933333333,356
1628998,0.3899433962,0.2460566038,0.3396226415,4.226415094,1.981132075,1.056603774,0.6037735849,0.9622641509,1.79245283,358
1629001,0.3805,0.3401666667,0.1945,3.333333333,2.833333333,1.166666667,0.3333333333,1.666666667,3,62
1629003,0.1898247423,0.1197628866,0.160556701,1.072164948,1.051546392,0.2577319588,0.0412371134,0.412371134,0.7010309278,315
1629004,0.3641052632,0.3288947368,0.3245789474,2.368421053,2,0.5,0.1842105263,1.368421053,1.131578947,334
1629006,0.41555,0.2646,0.358975,2.825,0.825,1.2,0.45,0.775,1.175,283
1629008,0.4482093023,0.2663565891,0.432496124,5.674418605,1.635658915,0.7519379845,0.3488372093,0.9147286822,2,1750
1629011,0.6800821918,0,0.1549589041,7.178082192,0.3150684932,1.287671233,1.260273973,1.068493151,1.493150685,427
1629012,0.4795714286,0.3696666667,0.7581428571,2.714285714,4.19047619,0.746031746,0.09523809524,2.53968254,2.285714286,1159
1629013,0.4251212121,0.3580909091,0.05808080808,0.7373737374,0.9494949495,0.2525252525,0.0202020202,0.2929292929,1.141414141,632
1629014,0.4136,0.3381,0.6805428571,2.7,4.814285714,0.8571428571,0.07142857143,2.042857143,1.671428571,1348
1629018,0.4434615385,0.4204957265,0.4397350427,3.153846154,1.444444444,2.35042735,0.03418803419,1.034188034,2.435897436,2172
1629020,0.2115063291,0.06540506329,0.6012658228,5.911392405,2.025316456,0.9620253165,0.1392405063,0.8860759494,2.405063291,230
1629021,0.5369,0.3384333333,0.5999666667,4.933333333,1.4,0.8,0.4,1.633333333,1.833333333,386
1629022,0.3708,0.32085,0.3279,3.15,2.5,0.5,0.25,1.25,1.35,247
1629023,0.4450175439,0.3571403509,0.4874385965,7.754385965,2.298245614,1.105263158,1.052631579,2.070175439,2.298245614,836
1629026,0.3567886179,0.2376666667,0.1341463415,2.894308943,0.9593495935,0.5040650407,0.1138211382,0.4715447154,0.9918699187,532
1629027,0.4065131579,0.3251973684,0.8408815789,3.105263158,11.57894737,1.197368421,0.1578947368,4.671052632,1.907894737,1841
1629028,0.56805,0.095825,0.2969,10.15,1.6,0.775,0.975,1.725,2.2,576
1629029,0.4241612903,0.310688172,0.7929569892,7.634408602,8.107526882,1.419354839,0.2580645161,2.956989247,3.161290323,2623
1629048,0.3605675676,0.02252252252,0.2346126126,4.198198198,1.243243243,0.4414414414,0.8918918919,0.6486486486,2.09009009,504
1629052,0.3845,0.2526666667,0.261,3.666666667,0.6666666667,0.6666666667,0.5,1.333333333,2.333333333,52
1629057,0.5342,0.05,0.3,5.9,1.05,0.65,1.65,0.85,1.55,116
1629060,0.5300784314,0.4780882353,0.3183039216,4.607843137,0.862745098,0.4705882353,0.6568627451,0.9215686275,1.892156863,1723
1629098,0.25,0.2222222222,0,0.5555555556,0.1111111111,0,0.2222222222,0.2222222222,0.3333333333,14
1629111,0.4598641975,0.1152222222,0.1471234568,1.691358025,0.4567901235,0.1604938272,0.1234567901,0.2592592593,0.6049382716,278
1629130,0.2819655172,0.2601551724,0.1925344828,1.801724138,1.525862069,0.3448275862,0.05172413793,1.775862069,1.215517241,834
1629162,0.2746521739,0.222826087,0.1739130435,0.652173913,1.108695652,0.347826087,0.02173913043,0.347826087,0.3913043478,98
1629216,0.2510434783,0.2018,0.06956521739,1.834782609,1.556521739,0.452173913,0.1304347826,0.3652173913,2.382608696,474
1629234,0.3029803922,0.02941176471,0.3725490196,2.225490196,0.5294117647,0.1176470588,0.3823529412,0.4019607843,1.009803922,322
1629312,0.3509827586,0.2166896552,0.1013017241,3.594827586,1,0.9396551724,0.6637931034,1.155172414,1.836206897,583
1629599,0.4380694444,0.3573472222,0.5607638889,2.236111111,1.069444444,0.5555555556,0.09722222222,0.625,1.666666667,696
1629610,0.3594680851,0.2922553191,0.2287234043,2.872340426,1.127659574,0.5531914894,0.5319148936,0.7446808511,2.106382979,315
1629611,0.4703880597,0.3395522388,0.276119403,2.970149254,1.805970149,0.7014925373,0.223880597,0.7014925373,1.910447761,517
1629614,0.4684920635,0.3402142857,0.5060714286,3.150793651,4.674603175,1.468253968,0.2063492063,1.785714286,2.428571429,1349
1629618,0.3742315789,0.3091789474,0.04210526316,1.610526316,1.957894737,0.2,0.06315789474,0.3157894737,0.4315789474,435
1629622,0.2631752577,0.2230824742,0.1597938144,5.515463918,2.793814433,0.3298969072,0.1443298969,0.6494845361,2.865979381,599
1629626,0.4951388889,0.2228611111,0.2175833333,2.888888889,0.6111111111,0.25,0.6944444444,0.5555555556,0.5555555556,244
1629627,0.5585,0.06666666667,0.6147333333,7.2,5.3,1.233333333,0.9,3,2.733333333,737
1629628,0.4713793103,0.3618448276,0.5433448276,6.310344828,5.413793103,0.7931034483,0.2931034483,2.844827586,2.362068966,1223
1629629,0.3537575758,0.2196969697,0.2,2,0.6666666667,1,0.303030303,0.3636363636,1.303030303,105
1629630,0.4942967033,0.2772087912,0.6684505495,2.736263736,6.252747253,0.6923076923,0.1538461538,2.098901099,1.274725275,1784
1629631,0.4460090909,0.4340090909,0.4778818182,4.327272727,1.254545455,0.8272727273,0.1272727273,0.8181818182,2.918181818,1631
1629632,0.4463648649,0.3639594595,0.8126621622,3.689189189,4.459459459,0.9324324324,0.2162162162,2.391891892,2.081081081,1509
1629634,0.58934375,0.00390625,0.33775,5.09375,1.03125,0.8125,0.5625,0.640625,2.265625,534
1629636,0.4023983051,0.267779661,0.7452288136,3.177966102,5.525423729,0.7881355932,0.09322033898,3.305084746,2.627118644,2062
1629637,0.6103979592,0,0.2450306122,3.989795918,0.9897959184,0.3163265306,0.5306122449,0.4489795918,2.244897959,466
1629638,0.3401111111,0.3011111111,0.3348222222,2.725925926,2.711111111,0.4518518519,0.3037037037,1.42962963,1.562962963,1014
1629639,0.3531092437,0.2883529412,0.7047394958,3.789915966,3.974789916,0.5966386555,0.1428571429,2.058823529,1.773109244,2063
1629640,0.4701818182,0.2924935065,0.5763246753,4.818181818,1.623376623,0.6363636364,0.2857142857,1,1.493506494,979
1629643,0.84204,0.81132,0.01334,0.94,1.06,0.14,0.08,0.06,0.1,167
1629645,0.4219152542,0.3293220339,0.5243983051,3.474576271,4.652542373,1.042372881,0.1101694915,2.194915254,2.398305085,1245
1629646,0.4732777778,0,0.2288055556,4.222222222,0.4722222222,0.3888888889,0.8333333333,0.6388888889,1.388888889,157
1629650,0.4126923077,0,0.2513076923,3.384615385,0.1538461538,0.4615384615,0.3076923077,0.8461538462,1.307692308,76
1629651,0.5669571429,0.05714285714,0.3214428571,7.357142857,2.242857143,0.8857142857,1.428571429,1.242857143,2.142857143,724
1629652,0.4123409091,0.3890606061,0.208969697,4.113636364,1.287878788,1.333333333,0.4545454545,0.8333333333,3.083333333,1213
1629655,0.6922280702,0,0.6110350877,6.807017544,1.403508772,0.4035087719,1.789473684,1.157894737,2.666666667,701
1629656,0.42704,0.3349466667,0.5277066667,4.32,3.04,0.9866666667,0.2933333333,1.88,1.84,1092
1629659,0.3246551724,0.2090517241,0.3434655172,1.724137931,1.431034483,0.3620689655,0.1896551724,0.6896551724,1.017241379,379
1629660,0.5306666667,0.4695811966,0.4142393162,1.683760684,2.957264957,1.025641026,0.03418803419,0.8974358974,1.991452991,1281
1629661,0.4775087719,0.4018070175,0.7731052632,4.333333333,3.403508772,0.9298245614,0.4385964912,1.736842105,1.824561404,1070
1629667,0,0,0,0,0.25,0.25,0,0,0,0
1629669,0.319125,0.317,0.5,2.5,2.25,0.125,0.5,1,1.125,67
1629673,0.4198235294,0.3669558824,0.76625,2.985294118,4.455882353,1.264705882,0.3970588235,3,2.955882353,1391
1629674,0.5333365385,0,0.1859038462,2.644230769,0.4615384615,0.5384615385,0.4038461538,0.3846153846,1.394230769,398
1629675,0.5496315789,0.4922030075,0.4058947368,5.684210526,1.661654135,0.7669172932,1.338345865,2.187969925,2.796992481,1703
1629680,0.4226,0.4155333333,0.1357333333,3.466666667,1.866666667,2.2,0.6,0.8666666667,0.9333333333,112
1629684,0.4399375,0.3628125,0.578125,5.125,2.3125,1.125,0.8125,1.75,2.875,166
1629723,0.6421818182,0.1553068182,0.5056818182,4.454545455,1.409090909,0.7954545455,0.6136363636,0.6363636364,1.318181818,275
1629726,0.3494468085,0.345106383,0.4471702128,1.85106383,1.276595745,0.5531914894,0.3191489362,0.6595744681,1.723404255,353
1629731,0.4941132075,0.2165377358,0.08333962264,4.896226415,0.8018867925,0.4339622642,0.1981132075,0.5849056604,2.452830189,486
1629750,0.2552857143,0.1809464286,0.5511071429,2.6875,0.5267857143,0.625,0.2767857143,0.3035714286,1.223214286,436
1630162,0.4391363636,0.3283409091,0.7330984848,6.181818182,4.257575758,0.8863636364,0.7575757576,3.113636364,1.977272727,3330
1630163,0.3998297872,0.3418297872,0.7657234043,4.936170213,7.361702128,1.14893617,0.2765957447,3.553191489,3.340425532,1184
1630164,0.5,0,1,1,0,0,0,0,0,6
1630165,0.3803333333,0.25,0.6666666667,3,5.166666667,0.6666666667,0.6666666667,1.5,2.166666667,54
1630166,0.4623611111,0.3383194444,0.7391388889,7.25,3.902777778,0.9861111111,0.4861111111,2.722222222,2.375,1219
1630167,0.4820214286,0.2848,0.4001857143,4.057142857,1.364285714,0.6,0.4142857143,0.95,1.55,1410
1630168,0.5587837838,0.2351891892,0.5381081081,8.918918919,2.27027027,0.9324324324,0.9189189189,1.216216216,2.608108108,988
1630169,0.443238806,0.3544850746,0.6367761194,4.111940299,8.432835821,1.410447761,0.6268656716,2,1.388059701,2328
1630170,0.434484375,0.35559375,0.524515625,3.984375,2.859375,1.3125,0.515625,1.375,1.6875,1041
1630171,0.4801666667,0.2139607843,0.1590686275,1.401960784,0.7254901961,0.7549019608,0.1666666667,0.6274509804,1.529411765,457
1630172,0.3923968254,0.3286825397,0.3939206349,3.761904762,1.968253968,0.7619047619,0.5079365079,1.365079365,1.396825397,566
1630173,0.3237669903,0.06066990291,0.2555048544,3.436893204,0.5339805825,0.4854368932,0.4077669903,0.5145631068,0.8252427184,439
1630174,0.4541603774,0.4502169811,0.4431037736,4.632075472,1.066037736,0.8018867925,0.5283018868,0.8679245283,3.386792453,1197
1630175,0.3109,0.1982818182,0.4594818182,2.954545455,2.136363636,0.4090909091,0.6454545455,1.363636364,2.518181818,755
1630178,0.42725,0.3259230769,0.8695576923,3.346153846,6.096153846,1.75,0.4038461538,2.384615385,2.230769231,1369
1630182,0.4020294118,0.3382941176,0.3209117647,2.529411765,1.588235294,1.088235294,0.2205882353,1.029411765,2.426470588,506
1630183,0.4104740741,0.3120740741,0.3785111111,5.451851852,1.733333333,1.081481481,0.7185185185,1.155555556,2.496296296,1515
1630188,0.456328125,0.29634375,0.39490625,5.578125,1.015625,0.265625,0.6875,0.578125,1.484375,524
1630191,0.5205675676,0.09759459459,0.2279279279,5.351351351,1.459459459,0.2522522523,1.612612613,0.6126126126,3.405405405,513
1630192,0.2264356436,0.09322772277,0.1221188119,1.702970297,0.2475247525,0.2574257426,0.396039604,0.1584158416,1.03960396,191
1630193,0.4345151515,0.376969697,0.7693636364,3.545454545,5.787878788,0.696969697,0.1212121212,1.757575758,1.848484848,564
1630194,0.2463522727,0.08332954545,0.59375,2,0.9431818182,0.5,0.3181818182,0.3522727273,3.102272727,274
1630198,0.4633007519,0.4305263158,0.2506315789,1.992481203,1.097744361,0.4887218045,0.1127819549,0.4210526316,1.157894737,1081
1630200,0.5104782609,0.2572391304,0.4193913043,2.52173913,4.173913043,0.8043478261,0.2173913043,0.7608695652,1.195652174,330
1630201,0.40725,0.25,0.41675,1.75,1.75,0.75,0,1,1,16
1630202,0.4628837209,0.342744186,0.2386976744,3.170542636,3.449612403,0.5891472868,0.1085271318,0.7209302326,1.635658915,1691
1630205,0.08659649123,0.03363157895,0.07894736842,0.7368421053,0.1578947368,0.08771929825,0.05263157895,0.1929824561,0.9473684211,78
1630208,0.5390701754,0,0.5385087719,8.175438596,0.8596491228,0.2456140351,0.9649122807,1.421052632,2.473684211,529
1630214,0.2100985915,0.02816901408,0.02112676056,2.211267606,0.0985915493,0.1549295775,0.07042253521,0.1971830986,0.2535211268,110
1630215,0.4342666667,0.258,0.4941666667,1.833333333,3.666666667,0.7,0.2166666667,1.333333333,1.616666667,541
1630217,0.4261351351,0.3296486486,0.7698108108,5.720720721,5.153153153,0.7477477477,0.2702702703,3.369369369,3.27027027,2262
1630222,0.2905,0.0333,0.25,0.9,1.1,0,0.1,0.1,0.3,23
1630224,0.3964094488,0.2263070866,0.6700314961,4.464566929,2.677165354,0.5905511811,0.5275590551,1.677165354,1.047244094,2120
1630227,0,0,0.1666666667,1.333333333,1,0,0,1.333333333,0.3333333333,1
1630228,0.4567096774,0.3005268817,0.4744516129,3.752688172,1.23655914,1.247311828,0.2795698925,1.720430108,1.924731183,1810
1630230,0.4892318841,0.2326811594,0.5606811594,4.753623188,3.014492754,1.014492754,0.1594202899,1.623188406,1.579710145,914
1630231,0.5062325581,0.1635581395,0.4565813953,2.906976744,1.11627907,0.3953488372,0.511627907,0.5581395349,2.348837209,274
1630241,0.2611880342,0.2374957265,0.4316239316,2.495726496,1.358974359,0.5042735043,0.1367521368,0.3162393162,2.504273504,643
1630243,0.2749354839,0.2186451613,0.25,1.741935484,1.225806452,1,0.3225806452,0.7096774194,1.225806452,152
1630245,0.4964782609,0.326826087,0.443826087,3.5,4.52173913,0.9347826087,0.3913043478,1.5,2.282608696,566
1630249,0.4589122807,0.3783333333,0.2953333333,2.736842105,2.578947368,0.6315789474,0.4561403509,0.8771929825,1.842105263,412
1630256,0.3461730769,0.1378269231,0.2541730769,2.25,0.9038461538,0.5,0.1346153846,0.4230769231,1.576923077,188
1630264,0.3242156863,0.1418235294,0.1981764706,1.294117647,0.3137254902,0.1764705882,0.03921568627,0.1960784314,0.5882352941,129
1630283,0.4393636364,0,0.2727272727,3.545454545,0.4545454545,0.09090909091,0.2727272727,0.3636363636,1.363636364,34
1630288,0.3897804878,0.2383170732,0.2652682927,1.463414634,1.902439024,0.5853658537,0.2926829268,0.3658536585,0.7073170732,285
1630296,0.02173913043,0,0.02173913043,0.2391304348,0.02173913043,0.1086956522,0.04347826087,0.08695652174,0.1086956522,5
1630311,0.3856588235,0.03332941176,0.08823529412,1.129411765,1.070588235,0.2235294118,0.03529411765,1.164705882,0.8,212
1630314,0.4101515152,0.2747575758,0.503030303,1.757575758,2.303030303,0.7272727273,0.1515151515,1.181818182,1,275
1630322,0.3420384615,0.3321923077,0.08013461538,2.115384615,1,0.5192307692,0.2115384615,0.3846153846,1.192307692,256
1630346,0.1701578947,0.1263157895,0.05263157895,0.4210526316,0.1578947368,0.1052631579,0,0.1578947368,0.05263157895,28
1630526,0.4384242424,0.2981363636,0.2790454545,4.772727273,1.333333333,0.5909090909,0.1060606061,0.7727272727,1.196969697,418
1630527,0.4122619048,0.323952381,0.5182619048,3.19047619,2.19047619,1.261904762,0.2142857143,1.238095238,1.738095238,448
1630528,0.192,0.08571428571,0.1428571429,0.6428571429,0.5714285714,0.3571428571,0.2142857143,0.4285714286,0.1428571429,28
1630529,0.4337,0.26085,0.49285,3.9,3.25,1.85,0.45,1.75,3.3,205
1630530,0.4468113208,0.3510754717,0.8376981132,5.056603774,3.547169811,1.056603774,0.7358490566,1.943396226,2.113207547,1124
1630531,0.2524186047,0.1281162791,0.2674418605,1.348837209,0.7674418605,0.5581395349,0.09302325581,0.3720930233,0.976744186,109
1630532,0.4595825243,0.1630291262,0.8803883495,5.029126214,4.504854369,1.155339806,0.2233009709,1.436893204,3.427184466,2528
1630533,0.3895873016,0.3119206349,0.5748571429,4.555555556,1.333333333,0.9841269841,0.4444444444,1.063492063,2.365079365,632
1630534,0.511625,0.37546875,0.21615625,3.78125,1.53125,0.90625,0.46875,0.84375,1.953125,667
1630537,0.4104375,0.3125,0.1041875,1.25,0.5,0,0,0.0625,0.4375,36
1630538,0.367375,0.3110833333,0.4132083333,1.041666667,1.333333333,0.75,0.1666666667,1.041666667,1.208333333,149
1630539,0.557775,0.0125,0.2425,3.125,0.625,0.375,0.575,0.45,1.25,198
1630540,0.3120583333,0.28625,0.438475,2.266666667,2,0.8666666667,0.1833333333,0.6916666667,1.233333333,832
1630541,0.4300967742,0.4396048387,0.5571290323,2.032258065,1.483870968,1.120967742,0.2741935484,0.7661290323,1.653225806,1253
1630542,0.3675,0.0667,0.4,7,1,0.9,1.2,0.7,1.6,67
1630543,0.7366,0,0.3,5.6,1,0.6,1.6,1,2.8,35
1630544,0.4191538462,0.3463846154,0.6153846154,2.923076923,3,0.5384615385,0.3076923077,1.923076923,1.846153846,183
1630545,0.3932658228,0.2173670886,0.5126582278,1.17721519,0.4936708861,0.5696202532,0.06329113924,0.6329113924,1.64556962,545
1630548,0.4040625,0.337046875,0.28125,2.875,1.0625,0.609375,0.125,0.5625,1.96875,571
1630549,0.5047,0.145,0.40406,6.6,1.82,0.82,0.84,1.26,2.26,397
1630550,0.39285,0.2,0.2875,2.4,0.3,0.4,0.45,0.45,0.85,71
1630551,0.4174193548,0.3047096774,0.3241935484,5.661290323,0.9677419355,1.048387097,0.6290322581,0.8709677419,1.774193548,544
1630552,0.4982222222,0.2916944444,0.6223055556,9.972222222,5.027777778,1.555555556,1,2.944444444,1.861111111,680
1630553,0.372164557,0.295164557,0.444278481,3.759493671,2.215189873,1.037974684,0.3797468354,1.46835443,2.64556962,839
1630556,0.33185,0.19125,0.1375,2.875,1.05,0.475,0.5,0.4,1.55,168
1630557,0.4369180328,0.3271639344,0.4250655738,2.967213115,1.68852459,0.4262295082,0.2295081967,1.049180328,1.606557377,705
1630558,0.4119396552,0.3388103448,0.3893706897,1.517241379,4.982758621,0.6465517241,0.1465517241,2.155172414,2.017241379,952
1630559,0.424387931,0.3138448276,0.510887931,4.706896552,4.439655172,0.7068965517,0.2155172414,3.612068966,2.767241379,2012
1630560,0.43592,0.33824,0.89732,3.32,3.76,0.6,0.08,2.48,1.76,599
1630561,0.375,0.25,0.08333333333,0.8333333333,0.6666666667,0.1666666667,0,0.3333333333,0.1666666667,16
1630567,0.4447230769,0.2710923077,0.6934923077,7.723076923,5.815384615,1.430769231,0.9692307692,2.846153846,1.738461538,1252
1630568,0.6376219512,0.1382073171,0.120597561,1.390243902,0.1341463415,0.07317073171,0.03658536585,0.1463414634,0.3902439024,293
1630570,0.4460454545,0.2674090909,0.5293181818,3.636363636,2.613636364,0.6136363636,0.2727272727,1.886363636,2.159090909,450
1630572,0.4483770492,0.3179344262,0.2773278689,3.06557377,0.7868852459,0.3606557377,0.2786885246,0.4262295082,0.9836065574,385
1630573,0.3924700855,0.3290854701,0.3760683761,2.965811966,0.5811965812,0.358974359,0.1196581197,0.2222222222,1.478632479,855
1630574,0.3446153846,0,0.04615384615,1.123076923,0.1692307692,0.01538461538,0.2307692308,0.3230769231,0.4923076923,76
1630577,0.3989390244,0.3483780488,0.3977682927,3.87804878,1.353658537,0.743902439,0.4268292683,0.9024390244,1.390243902,815
1630578,0.4569669421,0.4393884298,0.6037438017,11.5785124,4.950413223,1.115702479,0.8429752066,2.669421488,3.512396694,2395
1630579,0.6347291667,0,0.05208333333,4.239583333,0.3541666667,0.1041666667,0.2083333333,1.1875,1.125,264
1630581,0.4628142857,0.3868428571,0.5729714286,8.085714286,7.185714286,1.2,0.6428571429,2.885714286,1.742857143,1022
1630583,0.5489626168,0.4838785047,0.2096635514,7.308411215,2.887850467,0.4859813084,0.2803738318,1.420560748,1.841121495,1737
1630585,0.4,0.33325,0.375,1.5,3.25,0.75,0.5,1.5,2.5,28
1630590,0.4510082645,0.3045950413,0.6649752066,5.776859504,4.239669421,0.8842975207,0.2561983471,2.826446281,3.719008264,1992
1630591,0.4074285714,0.3052285714,0.644,4.028571429,3.685714286,1.457142857,0.9428571429,2.914285714,2.8,567
1630592,0.4077594937,0.3281772152,0.5180506329,3.417721519,1.835443038,0.5063291139,0.06329113924,1,2.075949367,749
1630595,0.4494824561,0.2250614035,0.7968333333,6.5,8.719298246,1.719298246,0.8684210526,3.99122807,3.219298246,2854
1630596,0.5898376068,0.3882393162,0.7282905983,9.752136752,2.376068376,0.6153846154,1.666666667,1.367521368,1.316239316,2361
1630598,0.3807279412,0.2935220588,0.3072941176,3.088235294,1.419117647,0.6323529412,0.2352941176,0.8308823529,1.235294118,1212
1630604,0.2153333333,0.09725,0.08333333333,0.75,0.25,0.08333333333,0.08333333333,0.1666666667,0.9166666667,21
1630611,0.3022788462,0.1431057692,0.1458365385,3.548076923,0.8461538462,0.2692307692,0.4615384615,0.4615384615,1.336538462,327
1630618,0.125,0,0.25,1,0.75,0.5,0,1,0.25,3
1630623,0.3197142857,0.288,0.5,1.285714286,1.714285714,0.4285714286,0.1428571429,1.142857143,2.428571429,55
1630625,0.345,0.2379701493,0.3971343284,2.014925373,2.388059701,0.6417910448,0.5074626866,1.28358209,0.8656716418,559
1630631,0.3809821429,0.333875,0.4166607143,2.428571429,4.625,1.321428571,0.25,1.535714286,1.625,579
1630639,0.4128461538,0.3037692308,0.3706538462,3.307692308,1.192307692,0.5,0.2307692308,0.5769230769,1.692307692,236
1630643,0.2525192308,0.1803173077,0.1690673077,1.634615385,0.7403846154,0.1538461538,0.9326923077,0.3365384615,1.125,447
1630644,0,0,0,0.5,1.5,0,0,0,1,0
1630649,0.1742272727,0.1363636364,0.04545454545,0.7727272727,0.1818181818,0.1363636364,0.2727272727,0.1363636364,0.3636363636,15
1630658,0.3273461538,0.05126923077,0.3929615385,4.692307692,1.076923077,0.3076923077,0.3846153846,0.8846153846,1.961538462,123
1630678,0,0,0,0.3333333333,0.6666666667,0,0,0,0,0
1630692,0.1433521127,0.1065774648,0.06338028169,2.718309859,1.154929577,0.4366197183,0.1690140845,0.3802816901,2.309859155,164
1630695,0.4011052632,0.2793947368,0.2302631579,4.315789474,0.8157894737,0.3684210526,0.3684210526,0.8157894737,1.315789474,162
1630696,0.4376428571,0.3868571429,0.1726428571,2.571428571,1.642857143,1.5,0.4285714286,1.214285714,2.142857143,87
1630699,0.3248,0.2285714286,0.2,1.257142857,0.3142857143,0.1142857143,0.02857142857,0.4285714286,0.4,79
1630700,0.4974210526,0.3453026316,0.3504342105,5.907894737,4.381578947,3.013157895,0.7236842105,2.039473684,2.302631579,1073
1630702,0.3717894737,0.2993684211,0.3753859649,1.561403509,1.421052632,0.4912280702,0.08771929825,1.438596491,1.578947368,496
1630703,0.4058030303,0.3405,0.5751969697,3,5.075757576,1.03030303,0.196969697,2.681818182,2.742424242,837
1630762,0.0944,0,0.2,1.6,0.4,0.2,0.4,0.2,0.2,8
1630811,0.372,0.2391290323,0.1612903226,1.612903226,2.612903226,0.9032258065,0.2903225806,1.064516129,1.258064516,168
1631093,0.4641333333,0.3999666667,0.6917,4.133333333,3.966666667,0.9333333333,0.3666666667,2.966666667,2.233333333,528
1631094,0.4263146067,0.3962134831,0.7070449438,8.191011236,5.258426966,0.4382022472,0.3595505618,2.97752809,3.426966292,2060
1631095,0.3539509804,0.3476862745,0.3258529412,5.666666667,0.6274509804,0.2549019608,0.4509803922,0.6960784314,1.264705882,864
1631096,0.4746451613,0.3099784946,0.6331397849,8.064516129,1.204301075,0.6344086022,1.978494624,1.376344086,2.23655914,1397
1631097,0.4345833333,0.2862878788,0.6770151515,4.409090909,1.409090909,0.5151515152,0.3484848485,1.522727273,2.022727273,1739
1631098,0.3417647059,0.1294117647,0.125,1.117647059,0.3235294118,0.4411764706,0.1764705882,0.2058823529,0.5294117647,80
1631099,0.4333552632,0.3216710526,0.3486842105,6.671052632,1.434210526,0.8026315789,0.9078947368,0.7894736842,2.447368421,942
1631101,0.4460138889,0.3080694444,0.6590277778,4.5,2.75,0.8611111111,0.2222222222,2.083333333,1.666666667,1335
1631102,0.19375,0.09375,0.09375,0.8125,1,0.1875,0,0.1875,0.25,35
1631103,0.3715319149,0.3109574468,0.2344042553,1.085106383,0.8085106383,0.2340425532,0.04255319149,0.7234042553,0.6170212766,235
1631104,0.3889827586,0.1465344828,0.2629310345,1.051724138,1.965517241,0.6379310345,0.1034482759,0.9310344828,0.7931034483,217
1631105,0.6784098361,0,0.671557377,9.008196721,2.819672131,0.4590163934,0.8114754098,1.819672131,3.827868852,1787
1631106,0.4237326733,0.3820594059,0.2765742574,5.712871287,1.237623762,1.03960396,1.297029703,1.475247525,1.475247525,924
1631107,0.4774772727,0.3800113636,0.7273295455,4.386363636,2.420454545,1.329545455,0.5909090909,1.602272727,1.386363636,1444
1631108,0.4486025641,0.3692179487,0.5497948718,3.307692308,1.871794872,0.8205128205,0.3974358974,1.128205128,1.474358974,749
1631109,0.6028636364,0,0.6709772727,10.15909091,2.477272727,0.7272727273,1.227272727,1.613636364,2.386363636,671
1631110,0.5248518519,0.2400925926,0.4289444444,6.518518519,2.37037037,0.8333333333,0.5,1.555555556,2.425925926,617
1631111,0.3708888889,0.2245555556,0.2111111111,2.638888889,1.166666667,0.5555555556,0.1388888889,0.75,0.8611111111,150
1631114,0.4652538462,0.3174692308,0.721,5.507692308,4.792307692,1.415384615,0.5,2.153846154,2.315384615,2815
1631115,0.4235454545,0.2142954545,0.4348409091,5,1.75,0.3863636364,0.3636363636,1.113636364,2.272727273,303
1631116,0.4166666667,0.3541666667,0.04166666667,1.041666667,0.125,0.125,0.08333333333,0.2083333333,0.2916666667,53
1631117,0.6938103448,0.04239655172,0.3785172414,12.18965517,1.672413793,0.6206896552,2.379310345,1.482758621,2.24137931,641
1631119,0.3423627451,0.3185098039,0.1985294118,3.519607843,1.725490196,0.5294117647,0.3039215686,0.7450980392,1.588235294,382
1631120,0.1097241379,0.0660862069,0.3620689655,0.3103448276,0.3103448276,0.08620689655,0.01724137931,0.8793103448,0.03448275862,74
1631121,0.1538461538,0,0.2307692308,0.2307692308,0.1538461538,0.07692307692,0,0.3076923077,0.2307692308,13
1631123,0.3,0.05,0.1334,1,2,0.8,0.4,1.6,0.4,17
1631124,0.3978839286,0.1994196429,0.2762589286,2.348214286,0.7589285714,0.6964285714,0.1517857143,1.553571429,1.455357143,850
1631127,0.4,0,0,1.8,0.6,0.6,0,0.2,0.4,4
1631128,0.543389313,0.3099541985,0.6640152672,5.045801527,2.694656489,1.06870229,0.358778626,1.297709924,3.099236641,2109
1631131,0.4930714286,0,0.5583571429,8.714285714,0.6428571429,0.9285714286,0.07142857143,0.7142857143,1.714285714,107
1631132,0.460027027,0,0.1351351351,2.486486486,0.4324324324,0.2162162162,0.4324324324,0.3243243243,1.189189189,90
1631133,0.4023166667,0.20555,0.3186,3.516666667,0.6166666667,0.55,0.1,0.5666666667,1.45,313
1631157,0.4466701031,0.3768556701,0.1718247423,1.134020619,1.505154639,0.4432989691,0.175257732,0.5463917526,1.731958763,549
1631159,0.6494814815,0.6111111111,0.05555555556,2.185185185,0,0.03703703704,0.01851851852,0.6481481481,0.03703703704,395
1631165,0.4746625,0.399025,0.348225,2.65,1.5,1.5125,0.7875,0.8875,2.2,666
1631166,0.4695555556,0.3028888889,0.5,7.222222222,2.222222222,0.4444444444,0.1111111111,1.666666667,2.333333333,109
1631169,0.3646629213,0.2734044944,0.08052808989,0.5280898876,0.5617977528,0.1685393258,0.191011236,0.5056179775,0.4269662921,212
1631170,0.3396074766,0.142364486,0.6108224299,4.168224299,1.91588785,0.5700934579,0.1308411215,0.9252336449,1.121495327,726
1631172,0.3028313253,0.2516144578,0.0803253012,1.096385542,0.6746987952,0.2048192771,0.1325301205,0.2168674699,0.3975903614,222
1631197,0.3848571429,0.1934285714,0.4582857143,3,1.142857143,0.7142857143,0.1428571429,0.6428571429,1.428571429,118
1631199,0.125,0,1,7,2,0,0,0,0,4
1631200,0.3388985507,0.1487826087,0.1603913043,2.637681159,0.9855072464,0.5072463768,0.2463768116,0.6231884058,0.9565217391,287
1631204,0.4102807018,0.3115789474,0.2947368421,1.210526316,2.333333333,0.649122807,0.0701754386,0.9473684211,1.263157895,375
1631207,0.3886027397,0.1922328767,0.2376712329,1.698630137,1.328767123,0.602739726,0.2054794521,0.7260273973,1.561643836,326
1631209,0.38965,0.39585,0.38335,1.6,1.4,0.55,0,0.9,1.05,120
1631210,0.1470588235,0.03676470588,0,0.8823529412,0.3529411765,0.1176470588,0,0.1764705882,0.1764705882,23
1631212,0.3479583333,0.2016666667,0.4285666667,3.525,1.433333333,0.5083333333,1.175,1.15,1.508333333,765
1631213,0.3787166667,0.3114333333,0.2652833333,3.65,2.033333333,0.5666666667,0.15,1.233333333,1.283333333,523
1631214,1,1,0,0,1,0,0,0,0,5
1631216,0.1951980198,0.1651287129,0.06930693069,0.7821782178,0.3564356436,0.2178217822,0.06930693069,0.5247524752,0.6435643564,245
1631217,0.5361971831,0,0.2966338028,6.169014085,0.7887323944,0.6478873239,0.5633802817,0.8591549296,1.535211268,403
1631218,0.6972477064,0,0.2143394495,3.724770642,0.9724770642,0.5779816514,0.3669724771,0.4220183486,0.8073394495,518
1631221,0.4027272727,0.3691818182,0.2414242424,2.363636364,2.363636364,0.6363636364,0.1515151515,0.5151515152,0.9090909091,194
1631222,0.4564848485,0.3449090909,0.3846060606,3.924242424,2.393939394,0.9393939394,0.3484848485,1.303030303,2,458
1631223,0.4294848485,0.2435151515,0.2070606061,2.545454545,1.060606061,0.4242424242,0.2727272727,0.6666666667,0.6060606061,153
1631230,0.3945714286,0.1714285714,0.1738,2.428571429,0.5428571429,0.2571428571,0.4571428571,0.1428571429,1.342857143,148
1631232,0.4722142857,0.2761428571,0.4678571429,4.142857143,0.9285714286,0.7142857143,0.7142857143,0.8571428571,2.142857143,142
1631243,0.4101212121,0.2631212121,0.3590909091,4.212121212,0.8181818182,0.8484848485,1,0.4545454545,1.666666667,197
1631245,0.3286071429,0.1880714286,0.3095357143,1.571428571,1.892857143,0.75,0.1785714286,0.5714285714,1.535714286,162
1631246,0.5092794118,0.4685441176,0.6772058824,3.779411765,2.544117647,0.7647058824,0.1176470588,0.5294117647,1.823529412,611
1631247,0.1295833333,0,0.08333333333,1.666666667,0.6666666667,0.08333333333,0.08333333333,0.6666666667,0.5,12
1631248,0.2842465753,0.2787534247,0.06164383562,1.97260274,0.4520547945,0.2328767123,0.02739726027,0.6849315068,0.3424657534,309
1631250,0.2883846154,0.2158461538,0.03846153846,1.615384615,0.7692307692,0.1538461538,0.1538461538,0.3076923077,1.307692308,38
1631255,0.514452381,0.1895714286,0.3988095238,4.976190476,1.095238095,0.5238095238,0.9761904762,1.023809524,2.523809524,325
1631260,0.4554482759,0.4648534483,0.2485689655,2.931034483,1.344827586,0.3189655172,0.3965517241,0.3448275862,2.775862069,1318
1631288,0.3232972973,0.2459459459,0.2861891892,2.297297297,0.5945945946,0.6216216216,0.2432432432,0.5945945946,1.243243243,196
1631303,0.1526315789,0.03505263158,0,0.5263157895,0.3684210526,0.3157894737,0.05263157895,0.2631578947,0.6315789474,18
1631306,0.3079,0.2842,0,2.7,0.3,0.4,0.2,0.4,1.2,59
1631311,0.3639230769,0.249,0.3269230769,1.461538462,1.846153846,0.2307692308,0.1538461538,1.076923077,1.384615385,86
1631321,0.218,0.09090909091,0.09090909091,0.9545454545,0.6818181818,0.09090909091,0.04545454545,0.5,0.4545454545,32
1631323,0.3730533333,0.28992,0.3702266667,2.866666667,0.8666666667,0.4133333333,0.16,0.72,1.266666667,446
1631342,0.4096666667,0.2936666667,0.1666666667,1.833333333,0.3333333333,0,0,0.6666666667,1.666666667,43
1631386,0.3125,0.125,0.25,4,0.5,1,0,1,0,6
1631466,0.09609836066,0.05463934426,0.04098360656,0.2131147541,0.1475409836,0.131147541,0.06557377049,0.868852459,0.2786885246,65
1641705,0.4672826087,0.3387826087,0.7407608696,11,3.652173913,1.130434783,3.826086957,3.239130435,2.282608696,1116
1641706,0.4068518519,0.3590740741,0.7163333333,4.851851852,3.62962963,1.074074074,0.7407407407,2.814814815,2.740740741,568
1641707,0.1903333333,0.2,0.5,5,0.6666666667,1.666666667,1.333333333,0.6666666667,2.666666667,14
1641708,0.5515350877,0.1014473684,0.7318070175,8.368421053,3.526315789,1.289473684,1.166666667,1.315789474,2.289473684,1992
1641709,0.5999320388,0.06633009709,0.5690970874,5.45631068,1.72815534,2.126213592,1.174757282,0.8834951456,2.941747573,1309
1641710,0.3732066116,0.2808595041,0.543677686,4.595041322,1.983471074,1.05785124,0.4049586777,1.165289256,1.752066116,1081
1641711,0.3999259259,0.3474259259,0.6740555556,3.574074074,1.814814815,0.8888888889,0.1851851852,1.537037037,2.222222222,777
1641712,0.2351538462,0.1339038462,0.1740384615,1.346153846,0.4807692308,0.3076923077,0.07692307692,0.5769230769,0.7115384615,155
1641713,0.3574482759,0.318137931,0.3427586207,3.172413793,1,0.4137931034,0.1724137931,1.068965517,1.034482759,209
1641715,0.2212065217,0.1636304348,0.2184782609,1.652173913,0.5326086957,0.3369565217,0.1413043478,0.5,0.4782608696,477
1641716,0.51116,0.212456,0.151328,2.224,0.952,0.464,0.232,0.72,1.032,559
1641717,0.4414108527,0.3011317829,0.1718372093,2.937984496,2.279069767,1.534883721,0.5813953488,0.7596899225,2.085271318,905
1641718,0.3913134328,0.328,0.6849850746,3.776119403,5.626865672,0.6865671642,0.1343283582,2.731343284,1.656716418,1125
1641720,0.3611333333,0.2259333333,0.45,1.8,2.466666667,0.3333333333,0.4666666667,1.2,1.666666667,106
1641721,0.2833214286,0.26725,0.125,1.964285714,0.6785714286,0.3214285714,0.25,0.5,1.035714286,116
1641722,0.3432857143,0.3118392857,0.4784285714,2.821428571,1.178571429,0.5357142857,0.4107142857,1.035714286,0.9107142857,604
1641723,0.416,0.145,0.45,2.1,1.7,0.3,0.2,0.8,0.9,53
1641724,0.5952929293,0.5425151515,0.06313131313,0.7070707071,0.4444444444,0.1313131313,0.1111111111,0.3636363636,1.080808081,501
1641725,0.2092916667,0.048625,0.0625,0.5,0.4583333333,0.08333333333,0.04166666667,0.2083333333,0.4166666667,32
1641726,0.71425,0,0.4101666667,7.5,2.361111111,0.5555555556,1.555555556,1.138888889,2.777777778,314
1641727,0.27095,0.2892,0.06665,1.45,0.6,0.3,0.05,0.75,1.1,114
1641729,0.4318450704,0.3625774648,0.3824929577,2.957746479,1.549295775,0.6478873239,0.1126760563,1.507042254,1.563380282,772
1641730,0.3492173913,0.2895434783,0.487826087,3.934782609,0.8695652174,0.5217391304,0.4565217391,1,2.282608696,420
1641731,0.4107118644,0.2518305085,0.6643050847,4.983050847,3.372881356,1.322033898,0.6949152542,2.118644068,2.355932203,727
1641732,0.3324871795,0.1760769231,0.1935384615,2.230769231,1.128205128,0.6666666667,0.3333333333,0.5897435897,0.9487179487,157
1641733,0.3666666667,0.31885,0.2791666667,2.133333333,2.416666667,0.2833333333,0.1,1.366666667,1.316666667,591
1641734,0.2007,0.2717,0,0.7,0.8,0.1,0.1,0.2,0.4,37
1641736,0.2507222222,0.1134166667,0.1805555556,1.083333333,1.75,0.9166666667,0.05555555556,0.5833333333,1,93
1641737,0.5685,0,0.3730862069,4.224137931,0.4655172414,0.4482758621,1.189655172,1.051724138,2.155172414,337
1641738,0.5882098765,0.07818518519,0.5308641975,0.8148148148,1.75308642,0.08641975309,0.04938271605,0.1481481481,0.2839506173,587
1641739,0.4538333333,0.3475128205,0.3858974359,5.769230769,2.243589744,1.487179487,0.641025641,1.397435897,2.948717949,882
1641740,0.6097108434,0.1275060241,0.1450843373,1.301204819,0.3734939759,0.8072289157,0.02409638554,0.1325301205,0.7951807229,257
1641741,0.3472191781,0.2226027397,0.4663835616,2.931506849,1.328767123,0.4383561644,0.1780821918,0.7123287671,0.9178082192,532
1641744,0.656962963,0.09598148148,0.6761574074,8.175925926,1.018518519,0.3333333333,3.342592593,1.222222222,3.907407407,939
1641745,0.2146756757,0.169027027,0.01351351351,0.7297297297,0.3243243243,0.2162162162,0.08108108108,0.1081081081,0.4054054054,65
1641748,0.2394579439,0.1451682243,0.05296261682,1.700934579,0.7757009346,0.3177570093,0.1308411215,0.5420560748,1.065420561,230
1641752,0.09375,0.0625,0.0625,0.875,0.875,0.25,0.125,0.125,1,15
1641753,0.06667213115,0,0.09016393443,0.5901639344,0.08196721311,0.08196721311,0,0.09836065574,0.131147541,30
1641755,0.1875,0,0.25,2,0.5,0.25,0.25,0,1.5,6
1641757,0.4897179487,0.04315384615,0.135474359,1.256410256,2.435897436,1.230769231,0.0641025641,0.3333333333,0.3333333333,311
1641763,0.4322911392,0.2685696203,0.2922025316,2.139240506,0.4936708861,0.4810126582,0.253164557,0.3417721519,1.367088608,366
1641764,0.4526578947,0.4377105263,0.403377193,5.394736842,3.578947368,1.385964912,0.1315789474,1.48245614,1.973684211,1921
1641765,0.2999615385,0.1185769231,0.2767115385,2.423076923,0.7692307692,0.5,0.1153846154,0.2692307692,0.5384615385,201
1641766,0.5,0,0,1.5,0.25,0,0,0.25,0.25,8
1641767,0.3868606557,0.3216721311,0.1213114754,2.31147541,0.9508196721,0.5163934426,0.1475409836,0.4098360656,1.860655738,486
1641772,0.5094,0.05,0.45,4.2,0.4,0,0.2,0.4,1.8,36
1641774,0.509,0.2909142857,0.5519428571,3.714285714,1.114285714,0.3142857143,0.6571428571,1.2,1.628571429,330
1641775,0.1253157895,0.08422105263,0.03421052632,1.126315789,0.2210526316,0.1263157895,0.1157894737,0.1789473684,0.3157894737,82
1641779,0.25,0.25,0.1875,0.5,0,0,0,0.5,0,9
1641783,0.2520263158,0.1853245614,0.2141842105,3.184210526,1.333333333,0.2894736842,0.1578947368,0.8421052632,0.8245614035,533
1641787,0.4017142857,0.2946428571,0.59525,4.285714286,1.964285714,0.8571428571,0.3571428571,1.392857143,1.964285714,267
1641789,0.2864375,0.166625,0.0625,0.3125,0.375,0.125,0.0625,0.3125,0.5625,24
1641790,0.3903684211,0.1052631579,0.07894736842,1.157894737,0.2105263158,0,0.2105263158,0.1052631579,0.5789473684,33
1641794,0.2465588235,0.1470490196,0.08251960784,1.588235294,0.8235294118,0.2058823529,0.04901960784,0.5294117647,0.6666666667,221
1641796,0.4669587629,0.291443299,0.289814433,3,1.886597938,0.3402061856,0.07216494845,0.2680412371,2.958762887,727
1641798,0.319125,0.2030625,0.2916875,2.75,1.0625,0.5625,0,0.75,0.875,78
1641801,0.2083333333,0,0.1666666667,1.333333333,0.3333333333,0.1666666667,0,0,0.5,10
1641803,0.0625,0,0.125,0.5,0.25,0.125,0,0.25,0.5,3
1641809,0.34932,0.29532,0.12,1.6,0.52,0.2,0.08,0.32,0.72,54
1641810,0.4398181818,0.3311818182,0.2662954545,1.431818182,0.8863636364,0.4772727273,0.09090909091,0.6818181818,0.9090909091,305
1641815,0,0,0,0.6666666667,0,0.3333333333,0,0,0,0
1641816,0.4367553191,0.3377553191,0.1223404255,2.106382979,0.6276595745,0.1170212766,0.06382978723,0.1595744681,1.287234043,334
1641817,0.3888888889,0,0,0.3333333333,0.2222222222,0.1111111111,0,0.2222222222,0.3333333333,8
1641824,0.41175,0.3243375,0.4397625,3.475,0.9875,0.3625,0.9375,0.925,1.6,688
1641842,0.3026209677,0.105983871,0.6331774194,2.112903226,0.6612903226,0.3951612903,0.1451612903,0.935483871,1.790322581,607
1641854,0.4234105263,0.08712631579,0.1105263158,1.547368421,2.4,0.6105263158,0.1894736842,0.4210526316,0.2842105263,350
1641857,0.1153846154,0,0.1346153846,0.9230769231,0.1538461538,0.1538461538,0.1538461538,0.4615384615,0.6923076923,9
1641871,0.3565869565,0.2312608696,0.166673913,2,0.5652173913,0.2608695652,0.3043478261,0.347826087,0.8913043478,194
1641878,0.3341333333,0.1928666667,0.3,3.333333333,3.733333333,1,0.1333333333,2.066666667,1.466666667,109
1641879,0.1665,0,0,1.5,2,1,0,0,2.5,2
1641890,0.3942608696,0.2159565217,0.08695652174,1.086956522,0.1739130435,0.1304347826,0.1739130435,0.347826087,0.4782608696,67
1641936,0.111,0.1666666667,0.1666666667,3,0,0.6666666667,0.3333333333,0,0,7
1641989,0.1752,0.1262,0.15,2.1,0.8,1,0.1,0.3,1.8,32
1641998,0.4622894737,0,0.1513157895,2.763157895,0.4210526316,0.2368421053,0.3947368421,0.6315789474,1.815789474,95
1642024,0.5616666667,0.3730666667,0.3666666667,3.133333333,0.2666666667,0.6666666667,0.6666666667,0.4,1.4,76
1642050,0.5556666667,0.2778333333,0.25,1.833333333,0.6666666667,0.6666666667,0,0.1666666667,0.6666666667,22
1642258,0.44232,0.31544,0.46868,3.573333333,1.226666667,0.6933333333,0.4933333333,1.226666667,1.986666667,942
1642259,0.392761194,0.2893731343,0.4873134328,6.492537313,2.402985075,0.6567164179,1.507462687,1.701492537,2.179104478,869
1642261,0.2930508475,0.2280338983,0.2007118644,1.855932203,0.5593220339,0.2033898305,0.06779661017,0.313559322,0.7881355932,711
1642262,0.29274,0.23116,0.24766,2.26,1.18,0.46,0.32,0.88,1.9,230
1642263,0.1701182796,0.1416666667,0.06989247312,0.8494623656,0.8172043011,0.3978494624,0.1935483871,0.4086021505,0.5806451613,229
1642264,0.410691358,0.2676296296,0.6205555556,3.666666667,4.098765432,0.9135802469,0.2716049383,2.185185185,2.024691358,1190
1642265,0.3856666667,0.4415632184,0.06896551724,0.9655172414,2.068965517,0.2298850575,0.01149425287,0.6091954023,0.7586206897,427
1642266,0.3955576923,0.2789615385,0.425,3.076923077,1.557692308,0.8269230769,0.1923076923,0.9615384615,1.826923077,449
1642267,0.393097561,0.3168170732,0.3646341463,4.158536585,4.43902439,0.6585365854,0.256097561,1.719512195,2.317073171,807
1642268,0.3994084507,0.1793098592,0.4103661972,3.309859155,6.281690141,0.9295774648,0.2253521127,2.929577465,2.098591549,615
1642269,0.2630555556,0.2120833333,0.3009166667,2.111111111,1.138888889,0.5833333333,0.1111111111,0.5,1.083333333,138
1642270,0.5258507463,0.1529850746,0.3165373134,7.865671642,1.149253731,0.5074626866,1.641791045,1.074626866,2.820895522,436
1642271,0.4890555556,0.2792777778,0.4200694444,6.111111111,1.944444444,0.6666666667,0.3055555556,1.416666667,2.375,690
1642272,0.4413043478,0.3279565217,0.5253478261,2.434782609,2.608695652,0.652173913,0,1.608695652,1.608695652,352
1642273,0.3451323529,0.2934117647,0.3348088235,4.191176471,2.485294118,1,0.7352941176,1.426470588,2.955882353,590
1642274,0.5299589041,0,0.4500136986,8.232876712,1.356164384,0.5068493151,1.342465753,1.123287671,1.98630137,665
1642275,0.3490166667,0.2838166667,0.3517833333,4.666666667,1.233333333,0.4833333333,0.2333333333,0.9666666667,1.4,353
1642276,0.3995471698,0.1319339623,0.1545566038,7.150943396,0.6037735849,0.3773584906,0.6886792453,0.5566037736,1.075471698,690
1642277,0.1431717172,0.06777777778,0.07504040404,0.9898989899,0.303030303,0.1818181818,0.1212121212,0.1616161616,0.9595959596,111
1642278,0.3051358025,0.2520493827,0.06379012346,0.4938271605,1.827160494,0.1481481481,0.04938271605,0.2222222222,0.3209876543,120
1642279,0.2857142857,0,0.07142857143,1.142857143,0.2857142857,0,0.1428571429,0.2857142857,0.7142857143,5
1642280,0.074,0,0.3333333333,0.6666666667,0,0,0,0.1666666667,0.6666666667,11
1642281,0.3166516854,0.4214831461,0.4539775281,2.011235955,1.842696629,0.5842696629,0.05617977528,1.146067416,1.449438202,604
1642285,0.2924,0.20948,0.32,1.2,1.36,0.36,0.04,0.24,0.92,106
1642345,0.5101147541,0,0.1871639344,3.639344262,1.163934426,0.4590163934,0.4754098361,0.6393442623,1.672131148,255
1642346,0.3828918919,0.2572027027,0.1261216216,3.608108108,0.7702702703,0.5945945946,0.5405405405,0.5405405405,2.189189189,511
1642347,0.4125466667,0.3165066667,0.3402266667,1.533333333,4.213333333,0.7733333333,0.1333333333,1.56,2.106666667,533
1642348,0.4385909091,0.3199318182,0.2428181818,3.363636364,1.568181818,1.022727273,0.3636363636,1.113636364,2.227272727,445
1642349,0.3814418605,0.2024418605,0.3798488372,1.290697674,1.197674419,0.3604651163,0.04651162791,0.6279069767,0.988372093,386
1642352,0.76925,0.02976785714,0.04017857143,1.196428571,0.07142857143,0.08928571429,0.07142857143,0.7678571429,0.8928571429,121
1642353,0.5277592593,0.375,0.01851851852,0.962962963,0.1111111111,0.1111111111,0.01851851852,0.05555555556,0.07407407407,213
1642354,0.3151111111,0.2095,0.4213055556,3.027777778,3.111111111,0.9444444444,0.1666666667,1.555555556,1.555555556,282
1642355,0.09850746269,0.07264179104,0.08208955224,0.2686567164,0.328358209,0.1343283582,0.0447761194,0.1940298507,0.1940298507,62
1642358,0.3895172414,0.2315517241,0.4166551724,2.034482759,2.620689655,0.4137931034,0.1034482759,1.206896552,1.724137931,220
1642359,0.2898947368,0.04092982456,0.02924561404,0.3157894737,0.08771929825,0.05263157895,0.0350877193,0.0701754386,0.1228070175,56
1642366,0.3228369565,0.2848586957,0.1385869565,3.130434783,0.7391304348,0.2065217391,0.2282608696,1.22826087,1.52173913,496
1642367,0.426047619,0.1605873016,0.3450952381,4.936507937,2.317460317,0.873015873,0.5396825397,1.111111111,2.158730159,389
1642368,0.86675,0,0.41675,5.25,0.5,0.25,1.25,0.5,2.25,24
1642377,0.4129113924,0.3192278481,0.4699493671,3.392405063,1.708860759,0.5569620253,0.1012658228,0.8734177215,1.848101266,823
1642382,0.4133125,0.31496875,0.18228125,1.6875,0.4375,0.15625,0.65625,0.21875,0.6875,122
1642384,0.2,0.06666666667,0.06666666667,0.5333333333,0.06666666667,0.06666666667,0.1333333333,0.06666666667,0.1333333333,13
1642385,0.0334,0,0.1,0.4,0,0,0,0,0,3
1642389,0,0,0,0,0,0,0,0,0,0
1642399,0,0,0,0,0.5,0,0,0,1,0
1642402,0.3409090909,0.02272727273,0.25,1.363636364,0.4090909091,0.1363636364,0.1363636364,0.2727272727,0.9545454545,46
1642403,0.4739,0.0625,0.22915,1.425,0.3,0.125,0.25,0.4,0.75,134
1642419,0.4048813559,0.3613050847,0.1440677966,2.677966102,0.8983050847,0.2881355932,0.1694915254,0.4576271186,1.559322034,419
1642422,0.3555555556,0,0.04444444444,1.666666667,0.1111111111,0.4444444444,0.2222222222,0.3333333333,0.6666666667,14
1642434,0,0,0,2,0,0,0,0,0,0
1642439,0.1665,0.1665,0,0,0.5,0,0,0.5,0,3
1642443,0.5,0.1666666667,0.1666666667,0.5,1,0,0,0.1666666667,0.3333333333,11
1642449,0.667,0,0.667,8,0,0,0,2,3,14
1642450,0.1785714286,0.1428571429,0,0.2857142857,0.4285714286,0,0,0.1428571429,0.2857142857,7
1642461,0.125,0.025,0.1,0.85,0.25,0.25,0.25,0.25,0.85,26
1642484,0.1819090909,0.1575454545,0.09090909091,1.090909091,1.272727273,0.6363636364,0.1818181818,0.4545454545,0.6363636364,30
1642502,0,0,0.1666666667,0.5,0.1666666667,0,0,0.1666666667,0.6666666667,2
1642505,0.2857142857,0.2857142857,0.04761904762,1.238095238,0.2380952381,0.2380952381,0,0.1904761905,0.5714285714,36
1642530,0.1518636364,0.09527272727,0.1363636364,0.5454545455,0.8636363636,0.09090909091,0,0.2272727273,0.3636363636,36
Grand Total,0.4158640958,0.254393073,0.3988945287,3.943419029,2.276669963,0.7231652384,0.4292463195,1.247445616,1.738903538,364796